tanggal,card_type_var,gate_in_boo,jumlah_pelanggan,total_amount,etl_run_id,etl_loaded_at
2025-07-01,BRIZZI,False,6,110500,scheduled__2026-06-25T17:00:00+00:00,2026-06-26 17:00:12.792759
2025-07-01,BRIZZI,True,8,62000,scheduled__2026-06-25T17:00:00+00:00,2026-06-26 17:00:12.792759
2025-07-01,E-Money,True,6,117000,scheduled__2026-06-25T17:00:00+00:00,2026-06-26 17:00:12.792759
2025-07-01,E-Money,False,6,49500,scheduled__2026-06-25T17:00:00+00:00,2026-06-26 17:00:12.792759
2025-07-01,Flazz,True,3,58500,scheduled__2026-06-25T17:00:00+00:00,2026-06-26 17:00:12.792759
2025-07-01,Flazz,False,4,95000,scheduled__2026-06-25T17:00:00+00:00,2026-06-26 17:00:12.792759
2025-07-01,JakCard,False,5,59000,scheduled__2026-06-25T17:00:00+00:00,2026-06-26 17:00:12.792759
2025-07-01,JakCard,True,5,77000,scheduled__2026-06-25T17:00:00+00:00,2026-06-26 17:00:12.792759
2025-07-02,BRIZZI,False,4,93500,scheduled__2026-06-25T17:00:00+00:00,2026-06-26 17:00:12.792759
2025-07-02,BRIZZI,True,6,145000,scheduled__2026-06-25T17:00:00+00:00,2026-06-26 17:00:12.792759
2025-07-02,E-Money,False,6,66000,scheduled__2026-06-25T17:00:00+00:00,2026-06-26 17:00:12.792759
2025-07-02,E-Money,True,8,77500,scheduled__2026-06-25T17:00:00+00:00,2026-06-26 17:00:12.792759
2025-07-02,Flazz,True,3,2000,scheduled__2026-06-25T17:00:00+00:00,2026-06-26 17:00:12.792759
2025-07-02,Flazz,False,4,75500,scheduled__2026-06-25T17:00:00+00:00,2026-06-26 17:00:12.792759
2025-07-02,JakCard,False,9,172500,scheduled__2026-06-25T17:00:00+00:00,2026-06-26 17:00:12.792759
2025-07-02,JakCard,True,3,40000,scheduled__2026-06-25T17:00:00+00:00,2026-06-26 17:00:12.792759
2025-07-03,BRIZZI,True,4,57000,scheduled__2026-06-25T17:00:00+00:00,2026-06-26 17:00:12.792759
2025-07-03,BRIZZI,False,8,107500,scheduled__2026-06-25T17:00:00+00:00,2026-06-26 17:00:12.792759
2025-07-03,E-Money,True,6,39000,scheduled__2026-06-25T17:00:00+00:00,2026-06-26 17:00:12.792759
2025-07-03,E-Money,False,6,84000,scheduled__2026-06-25T17:00:00+00:00,2026-06-26 17:00:12.792759
2025-07-03,Flazz,False,3,7500,scheduled__2026-06-25T17:00:00+00:00,2026-06-26 17:00:12.792759
2025-07-03,Flazz,True,9,52000,scheduled__2026-06-25T17:00:00+00:00,2026-06-26 17:00:12.792759
2025-07-03,JakCard,False,5,92000,scheduled__2026-06-25T17:00:00+00:00,2026-06-26 17:00:12.792759
2025-07-03,JakCard,True,2,37000,scheduled__2026-06-25T17:00:00+00:00,2026-06-26 17:00:12.792759
2025-07-04,BRIZZI,False,6,145000,scheduled__2026-06-25T17:00:00+00:00,2026-06-26 17:00:12.792759
2025-07-04,BRIZZI,True,12,184500,scheduled__2026-06-25T17:00:00+00:00,2026-06-26 17:00:12.792759
2025-07-04,E-Money,True,5,58500,scheduled__2026-06-25T17:00:00+00:00,2026-06-26 17:00:12.792759
2025-07-04,E-Money,False,6,77000,scheduled__2026-06-25T17:00:00+00:00,2026-06-26 17:00:12.792759
2025-07-04,Flazz,False,4,125000,scheduled__2026-06-25T17:00:00+00:00,2026-06-26 17:00:12.792759
2025-07-04,Flazz,True,1,2000,scheduled__2026-06-25T17:00:00+00:00,2026-06-26 17:00:12.792759
2025-07-04,JakCard,False,4,25500,scheduled__2026-06-25T17:00:00+00:00,2026-06-26 17:00:12.792759
2025-07-04,JakCard,True,4,58500,scheduled__2026-06-25T17:00:00+00:00,2026-06-26 17:00:12.792759
2025-07-05,BRIZZI,False,5,59000,scheduled__2026-06-25T17:00:00+00:00,2026-06-26 17:00:12.792759
2025-07-05,BRIZZI,True,4,108500,scheduled__2026-06-25T17:00:00+00:00,2026-06-26 17:00:12.792759
2025-07-05,E-Money,True,2,20000,scheduled__2026-06-25T17:00:00+00:00,2026-06-26 17:00:12.792759
2025-07-05,E-Money,False,2,5500,scheduled__2026-06-25T17:00:00+00:00,2026-06-26 17:00:12.792759
2025-07-05,Flazz,True,5,95500,scheduled__2026-06-25T17:00:00+00:00,2026-06-26 17:00:12.792759
2025-07-05,Flazz,False,8,135500,scheduled__2026-06-25T17:00:00+00:00,2026-06-26 17:00:12.792759
2025-07-05,JakCard,True,8,97500,scheduled__2026-06-25T17:00:00+00:00,2026-06-26 17:00:12.792759
2025-07-05,JakCard,False,7,115500,scheduled__2026-06-25T17:00:00+00:00,2026-06-26 17:00:12.792759
2025-07-06,BRIZZI,False,6,78500,scheduled__2026-06-25T17:00:00+00:00,2026-06-26 17:00:12.792759
2025-07-06,BRIZZI,True,10,148500,scheduled__2026-06-25T17:00:00+00:00,2026-06-26 17:00:12.792759
2025-07-06,E-Money,True,7,51500,scheduled__2026-06-25T17:00:00+00:00,2026-06-26 17:00:12.792759
2025-07-06,E-Money,False,5,108500,scheduled__2026-06-25T17:00:00+00:00,2026-06-26 17:00:12.792759
2025-07-06,Flazz,False,3,73500,scheduled__2026-06-25T17:00:00+00:00,2026-06-26 17:00:12.792759
2025-07-06,Flazz,True,2,4000,scheduled__2026-06-25T17:00:00+00:00,2026-06-26 17:00:12.792759
2025-07-06,JakCard,False,3,57000,scheduled__2026-06-25T17:00:00+00:00,2026-06-26 17:00:12.792759
2025-07-06,JakCard,True,4,27000,scheduled__2026-06-25T17:00:00+00:00,2026-06-26 17:00:12.792759
2025-07-07,BRIZZI,True,7,101000,scheduled__2026-06-25T17:00:00+00:00,2026-06-26 17:00:12.792759
2025-07-07,BRIZZI,False,5,110000,scheduled__2026-06-25T17:00:00+00:00,2026-06-26 17:00:12.792759
2025-07-07,E-Money,False,4,60500,scheduled__2026-06-25T17:00:00+00:00,2026-06-26 17:00:12.792759
2025-07-07,E-Money,True,1,2000,scheduled__2026-06-25T17:00:00+00:00,2026-06-26 17:00:12.792759
2025-07-07,Flazz,False,9,78000,scheduled__2026-06-25T17:00:00+00:00,2026-06-26 17:00:12.792759
2025-07-07,Flazz,True,6,85500,scheduled__2026-06-25T17:00:00+00:00,2026-06-26 17:00:12.792759
2025-07-07,JakCard,False,1,35000,scheduled__2026-06-25T17:00:00+00:00,2026-06-26 17:00:12.792759
2025-07-07,JakCard,True,1,20000,scheduled__2026-06-25T17:00:00+00:00,2026-06-26 17:00:12.792759
2025-07-08,BRIZZI,True,1,20000,scheduled__2026-06-25T17:00:00+00:00,2026-06-26 17:00:12.792759
2025-07-08,BRIZZI,False,7,69000,scheduled__2026-06-25T17:00:00+00:00,2026-06-26 17:00:12.792759
2025-07-08,E-Money,False,6,95500,scheduled__2026-06-25T17:00:00+00:00,2026-06-26 17:00:12.792759
2025-07-08,E-Money,True,5,62500,scheduled__2026-06-25T17:00:00+00:00,2026-06-26 17:00:12.792759
2025-07-08,Flazz,True,3,23500,scheduled__2026-06-25T17:00:00+00:00,2026-06-26 17:00:12.792759
2025-07-08,Flazz,False,3,58500,scheduled__2026-06-25T17:00:00+00:00,2026-06-26 17:00:12.792759
2025-07-08,JakCard,True,5,97000,scheduled__2026-06-25T17:00:00+00:00,2026-06-26 17:00:12.792759
2025-07-08,JakCard,False,5,58500,scheduled__2026-06-25T17:00:00+00:00,2026-06-26 17:00:12.792759
2025-07-09,BRIZZI,False,7,59000,scheduled__2026-06-25T17:00:00+00:00,2026-06-26 17:00:12.792759
2025-07-09,BRIZZI,True,8,64500,scheduled__2026-06-25T17:00:00+00:00,2026-06-26 17:00:12.792759
2025-07-09,E-Money,False,4,11000,scheduled__2026-06-25T17:00:00+00:00,2026-06-26 17:00:12.792759
2025-07-09,E-Money,True,5,62000,scheduled__2026-06-25T17:00:00+00:00,2026-06-26 17:00:12.792759
2025-07-09,Flazz,True,6,75500,scheduled__2026-06-25T17:00:00+00:00,2026-06-26 17:00:12.792759
2025-07-09,Flazz,False,6,84000,scheduled__2026-06-25T17:00:00+00:00,2026-06-26 17:00:12.792759
2025-07-09,JakCard,True,6,80500,scheduled__2026-06-25T17:00:00+00:00,2026-06-26 17:00:12.792759
2025-07-09,JakCard,False,11,162500,scheduled__2026-06-25T17:00:00+00:00,2026-06-26 17:00:12.792759
2025-07-10,BRIZZI,True,3,57000,scheduled__2026-06-25T17:00:00+00:00,2026-06-26 17:00:12.792759
2025-07-10,BRIZZI,False,1,2000,scheduled__2026-06-25T17:00:00+00:00,2026-06-26 17:00:12.792759
2025-07-10,E-Money,False,5,62000,scheduled__2026-06-25T17:00:00+00:00,2026-06-26 17:00:12.792759
2025-07-10,E-Money,True,10,108000,scheduled__2026-06-25T17:00:00+00:00,2026-06-26 17:00:12.792759
2025-07-10,Flazz,True,2,5500,scheduled__2026-06-25T17:00:00+00:00,2026-06-26 17:00:12.792759
2025-07-10,Flazz,False,8,131000,scheduled__2026-06-25T17:00:00+00:00,2026-06-26 17:00:12.792759
2025-07-10,JakCard,False,4,25500,scheduled__2026-06-25T17:00:00+00:00,2026-06-26 17:00:12.792759
2025-07-10,JakCard,True,4,75500,scheduled__2026-06-25T17:00:00+00:00,2026-06-26 17:00:12.792759
2025-07-11,BRIZZI,False,5,95500,scheduled__2026-06-25T17:00:00+00:00,2026-06-26 17:00:12.792759
2025-07-11,BRIZZI,True,5,39000,scheduled__2026-06-25T17:00:00+00:00,2026-06-26 17:00:12.792759
2025-07-11,E-Money,False,3,37000,scheduled__2026-06-25T17:00:00+00:00,2026-06-26 17:00:12.792759
2025-07-11,E-Money,True,1,20000,scheduled__2026-06-25T17:00:00+00:00,2026-06-26 17:00:12.792759
2025-07-11,Flazz,True,8,68500,scheduled__2026-06-25T17:00:00+00:00,2026-06-26 17:00:12.792759
2025-07-11,Flazz,False,4,55000,scheduled__2026-06-25T17:00:00+00:00,2026-06-26 17:00:12.792759
2025-07-11,JakCard,False,7,52500,scheduled__2026-06-25T17:00:00+00:00,2026-06-26 17:00:12.792759
2025-07-11,JakCard,True,4,7500,scheduled__2026-06-25T17:00:00+00:00,2026-06-26 17:00:12.792759
2025-07-12,BRIZZI,False,3,9000,scheduled__2026-06-25T17:00:00+00:00,2026-06-26 17:00:12.792759
2025-07-12,BRIZZI,True,4,92000,scheduled__2026-06-25T17:00:00+00:00,2026-06-26 17:00:12.792759
2025-07-12,E-Money,False,9,101000,scheduled__2026-06-25T17:00:00+00:00,2026-06-26 17:00:12.792759
2025-07-12,E-Money,True,5,82000,scheduled__2026-06-25T17:00:00+00:00,2026-06-26 17:00:12.792759
2025-07-12,Flazz,True,5,49000,scheduled__2026-06-25T17:00:00+00:00,2026-06-26 17:00:12.792759
2025-07-12,Flazz,False,5,127000,scheduled__2026-06-25T17:00:00+00:00,2026-06-26 17:00:12.792759
2025-07-12,JakCard,False,5,75500,scheduled__2026-06-25T17:00:00+00:00,2026-06-26 17:00:12.792759
2025-07-12,JakCard,True,4,62000,scheduled__2026-06-25T17:00:00+00:00,2026-06-26 17:00:12.792759
2025-07-13,BRIZZI,True,9,99500,scheduled__2026-06-25T17:00:00+00:00,2026-06-26 17:00:12.792759
2025-07-13,BRIZZI,False,3,38500,scheduled__2026-06-25T17:00:00+00:00,2026-06-26 17:00:12.792759
2025-07-13,E-Money,True,8,169000,scheduled__2026-06-25T17:00:00+00:00,2026-06-26 17:00:12.792759
2025-07-13,E-Money,False,3,24000,scheduled__2026-06-25T17:00:00+00:00,2026-06-26 17:00:12.792759
2025-07-13,Flazz,True,4,42500,scheduled__2026-06-25T17:00:00+00:00,2026-06-26 17:00:12.792759
2025-07-13,Flazz,False,3,58500,scheduled__2026-06-25T17:00:00+00:00,2026-06-26 17:00:12.792759
2025-07-13,JakCard,True,3,6000,scheduled__2026-06-25T17:00:00+00:00,2026-06-26 17:00:12.792759
2025-07-13,JakCard,False,6,82500,scheduled__2026-06-25T17:00:00+00:00,2026-06-26 17:00:12.792759
2025-07-14,BRIZZI,False,4,42000,scheduled__2026-06-25T17:00:00+00:00,2026-06-26 17:00:12.792759
2025-07-14,BRIZZI,True,5,49000,scheduled__2026-06-25T17:00:00+00:00,2026-06-26 17:00:12.792759
2025-07-14,E-Money,True,2,5500,scheduled__2026-06-25T17:00:00+00:00,2026-06-26 17:00:12.792759
2025-07-14,E-Money,False,4,75500,scheduled__2026-06-25T17:00:00+00:00,2026-06-26 17:00:12.792759
2025-07-14,Flazz,False,3,57000,scheduled__2026-06-25T17:00:00+00:00,2026-06-26 17:00:12.792759
2025-07-14,Flazz,True,6,135000,scheduled__2026-06-25T17:00:00+00:00,2026-06-26 17:00:12.792759
2025-07-14,JakCard,True,5,60500,scheduled__2026-06-25T17:00:00+00:00,2026-06-26 17:00:12.792759
2025-07-14,JakCard,False,4,62000,scheduled__2026-06-25T17:00:00+00:00,2026-06-26 17:00:12.792759
2025-07-15,BRIZZI,True,5,58500,scheduled__2026-06-25T17:00:00+00:00,2026-06-26 17:00:12.792759
2025-07-15,BRIZZI,False,8,149000,scheduled__2026-06-25T17:00:00+00:00,2026-06-26 17:00:12.792759
2025-07-15,E-Money,True,2,40000,scheduled__2026-06-25T17:00:00+00:00,2026-06-26 17:00:12.792759
2025-07-15,E-Money,False,3,40500,scheduled__2026-06-25T17:00:00+00:00,2026-06-26 17:00:12.792759
2025-07-15,Flazz,False,3,9000,scheduled__2026-06-25T17:00:00+00:00,2026-06-26 17:00:12.792759
2025-07-15,Flazz,True,7,54500,scheduled__2026-06-25T17:00:00+00:00,2026-06-26 17:00:12.792759
2025-07-15,JakCard,True,2,35000,scheduled__2026-06-25T17:00:00+00:00,2026-06-26 17:00:12.792759
2025-07-15,JakCard,False,3,24000,scheduled__2026-06-25T17:00:00+00:00,2026-06-26 17:00:12.792759
2025-07-16,BRIZZI,False,7,51000,scheduled__2026-06-25T17:00:00+00:00,2026-06-26 17:00:12.792759
2025-07-16,BRIZZI,True,4,25500,scheduled__2026-06-25T17:00:00+00:00,2026-06-26 17:00:12.792759
2025-07-16,E-Money,True,7,180500,scheduled__2026-06-25T17:00:00+00:00,2026-06-26 17:00:12.792759
2025-07-16,E-Money,False,4,60500,scheduled__2026-06-25T17:00:00+00:00,2026-06-26 17:00:12.792759
2025-07-16,Flazz,True,10,121000,scheduled__2026-06-25T17:00:00+00:00,2026-06-26 17:00:12.792759
2025-07-16,Flazz,False,1,20000,scheduled__2026-06-25T17:00:00+00:00,2026-06-26 17:00:12.792759
2025-07-16,JakCard,True,7,150500,scheduled__2026-06-25T17:00:00+00:00,2026-06-26 17:00:12.792759
2025-07-16,JakCard,False,4,63500,scheduled__2026-06-25T17:00:00+00:00,2026-06-26 17:00:12.792759
2025-07-17,BRIZZI,True,3,75000,scheduled__2026-06-25T17:00:00+00:00,2026-06-26 17:00:12.792759
2025-07-17,BRIZZI,False,5,82000,scheduled__2026-06-25T17:00:00+00:00,2026-06-26 17:00:12.792759
2025-07-17,E-Money,True,3,40000,scheduled__2026-06-25T17:00:00+00:00,2026-06-26 17:00:12.792759
2025-07-17,E-Money,False,4,40500,scheduled__2026-06-25T17:00:00+00:00,2026-06-26 17:00:12.792759
2025-07-17,Flazz,True,8,46000,scheduled__2026-06-25T17:00:00+00:00,2026-06-26 17:00:12.792759
2025-07-17,Flazz,False,4,110000,scheduled__2026-06-25T17:00:00+00:00,2026-06-26 17:00:12.792759
2025-07-17,JakCard,False,7,119000,scheduled__2026-06-25T17:00:00+00:00,2026-06-26 17:00:12.792759
2025-07-17,JakCard,True,8,134000,scheduled__2026-06-25T17:00:00+00:00,2026-06-26 17:00:12.792759
2025-07-18,BRIZZI,True,5,45500,scheduled__2026-06-25T17:00:00+00:00,2026-06-26 17:00:12.792759
2025-07-18,BRIZZI,False,4,42000,scheduled__2026-06-25T17:00:00+00:00,2026-06-26 17:00:12.792759
2025-07-18,E-Money,True,5,43500,scheduled__2026-06-25T17:00:00+00:00,2026-06-26 17:00:12.792759
2025-07-18,E-Money,False,3,24000,scheduled__2026-06-25T17:00:00+00:00,2026-06-26 17:00:12.792759
2025-07-18,Flazz,False,5,62000,scheduled__2026-06-25T17:00:00+00:00,2026-06-26 17:00:12.792759
2025-07-18,Flazz,True,6,99000,scheduled__2026-06-25T17:00:00+00:00,2026-06-26 17:00:12.792759
2025-07-18,JakCard,False,3,42000,scheduled__2026-06-25T17:00:00+00:00,2026-06-26 17:00:12.792759
2025-07-18,JakCard,True,6,129000,scheduled__2026-06-25T17:00:00+00:00,2026-06-26 17:00:12.792759
2025-07-19,BRIZZI,True,8,81500,scheduled__2026-06-25T17:00:00+00:00,2026-06-26 17:00:12.792759
2025-07-19,BRIZZI,False,7,96000,scheduled__2026-06-25T17:00:00+00:00,2026-06-26 17:00:12.792759
2025-07-19,E-Money,False,3,22000,scheduled__2026-06-25T17:00:00+00:00,2026-06-26 17:00:12.792759
2025-07-19,E-Money,True,5,65500,scheduled__2026-06-25T17:00:00+00:00,2026-06-26 17:00:12.792759
2025-07-19,Flazz,True,3,57000,scheduled__2026-06-25T17:00:00+00:00,2026-06-26 17:00:12.792759
2025-07-19,Flazz,False,2,4000,scheduled__2026-06-25T17:00:00+00:00,2026-06-26 17:00:12.792759
2025-07-19,JakCard,False,10,118000,scheduled__2026-06-25T17:00:00+00:00,2026-06-26 17:00:12.792759
2025-07-20,BRIZZI,True,7,84500,scheduled__2026-06-25T17:00:00+00:00,2026-06-26 17:00:12.792759
2025-07-20,BRIZZI,False,8,88000,scheduled__2026-06-25T17:00:00+00:00,2026-06-26 17:00:12.792759
2025-07-20,E-Money,False,6,74000,scheduled__2026-06-25T17:00:00+00:00,2026-06-26 17:00:12.792759
2025-07-20,E-Money,True,9,157000,scheduled__2026-06-25T17:00:00+00:00,2026-06-26 17:00:12.792759
2025-07-20,Flazz,False,6,82500,scheduled__2026-06-25T17:00:00+00:00,2026-06-26 17:00:12.792759
2025-07-20,Flazz,True,3,72000,scheduled__2026-06-25T17:00:00+00:00,2026-06-26 17:00:12.792759
2025-07-20,JakCard,True,4,4000,scheduled__2026-06-25T17:00:00+00:00,2026-06-26 17:00:12.792759
2025-07-20,JakCard,False,4,44000,scheduled__2026-06-25T17:00:00+00:00,2026-06-26 17:00:12.792759
2025-07-21,BRIZZI,True,6,49000,scheduled__2026-06-25T17:00:00+00:00,2026-06-26 17:00:12.792759
2025-07-21,BRIZZI,False,5,113500,scheduled__2026-06-25T17:00:00+00:00,2026-06-26 17:00:12.792759
2025-07-21,E-Money,False,6,95500,scheduled__2026-06-25T17:00:00+00:00,2026-06-26 17:00:12.792759
2025-07-21,E-Money,True,4,59000,scheduled__2026-06-25T17:00:00+00:00,2026-06-26 17:00:12.792759
2025-07-21,Flazz,True,3,25500,scheduled__2026-06-25T17:00:00+00:00,2026-06-26 17:00:12.792759
2025-07-21,Flazz,False,3,23500,scheduled__2026-06-25T17:00:00+00:00,2026-06-26 17:00:12.792759
2025-07-21,JakCard,True,3,70000,scheduled__2026-06-25T17:00:00+00:00,2026-06-26 17:00:12.792759
2025-07-21,JakCard,False,8,132000,scheduled__2026-06-25T17:00:00+00:00,2026-06-26 17:00:12.792759
2025-07-22,BRIZZI,True,3,55000,scheduled__2026-06-25T17:00:00+00:00,2026-06-26 17:00:12.792759
2025-07-22,BRIZZI,False,7,84500,scheduled__2026-06-25T17:00:00+00:00,2026-06-26 17:00:12.792759
2025-07-22,E-Money,True,4,59000,scheduled__2026-06-25T17:00:00+00:00,2026-06-26 17:00:12.792759
2025-07-22,E-Money,False,5,45500,scheduled__2026-06-25T17:00:00+00:00,2026-06-26 17:00:12.792759
2025-07-22,Flazz,False,5,94000,scheduled__2026-06-25T17:00:00+00:00,2026-06-26 17:00:12.792759
2025-07-22,Flazz,True,3,73500,scheduled__2026-06-25T17:00:00+00:00,2026-06-26 17:00:12.792759
2025-07-22,JakCard,True,2,5500,scheduled__2026-06-25T17:00:00+00:00,2026-06-26 17:00:12.792759
2025-07-22,JakCard,False,4,73500,scheduled__2026-06-25T17:00:00+00:00,2026-06-26 17:00:12.792759
2025-07-23,BRIZZI,True,4,60500,scheduled__2026-06-25T17:00:00+00:00,2026-06-26 17:00:12.792759
2025-07-23,BRIZZI,False,6,31000,scheduled__2026-06-25T17:00:00+00:00,2026-06-26 17:00:12.792759
2025-07-23,E-Money,True,4,29000,scheduled__2026-06-25T17:00:00+00:00,2026-06-26 17:00:12.792759
2025-07-23,E-Money,False,9,111000,scheduled__2026-06-25T17:00:00+00:00,2026-06-26 17:00:12.792759
2025-07-23,Flazz,False,1,3500,scheduled__2026-06-25T17:00:00+00:00,2026-06-26 17:00:12.792759
2025-07-23,Flazz,True,7,51000,scheduled__2026-06-25T17:00:00+00:00,2026-06-26 17:00:12.792759
2025-07-23,JakCard,False,5,128500,scheduled__2026-06-25T17:00:00+00:00,2026-06-26 17:00:12.792759
2025-07-23,JakCard,True,4,77000,scheduled__2026-06-25T17:00:00+00:00,2026-06-26 17:00:12.792759
2025-07-24,BRIZZI,True,7,84000,scheduled__2026-06-25T17:00:00+00:00,2026-06-26 17:00:12.792759
2025-07-24,BRIZZI,False,3,9000,scheduled__2026-06-25T17:00:00+00:00,2026-06-26 17:00:12.792759
2025-07-24,E-Money,True,5,44000,scheduled__2026-06-25T17:00:00+00:00,2026-06-26 17:00:12.792759
2025-07-24,E-Money,False,4,45500,scheduled__2026-06-25T17:00:00+00:00,2026-06-26 17:00:12.792759
2025-07-24,Flazz,False,4,45500,scheduled__2026-06-25T17:00:00+00:00,2026-06-26 17:00:12.792759
2025-07-24,Flazz,True,4,27000,scheduled__2026-06-25T17:00:00+00:00,2026-06-26 17:00:12.792759
2025-07-24,JakCard,True,9,121000,scheduled__2026-06-25T17:00:00+00:00,2026-06-26 17:00:12.792759
2025-07-24,JakCard,False,6,13000,scheduled__2026-06-25T17:00:00+00:00,2026-06-26 17:00:12.792759
2025-07-25,BRIZZI,False,4,58500,scheduled__2026-06-25T17:00:00+00:00,2026-06-26 17:00:12.792759
2025-07-25,BRIZZI,True,4,44000,scheduled__2026-06-25T17:00:00+00:00,2026-06-26 17:00:12.792759
2025-07-25,E-Money,True,2,23500,scheduled__2026-06-25T17:00:00+00:00,2026-06-26 17:00:12.792759
2025-07-25,E-Money,False,8,64500,scheduled__2026-06-25T17:00:00+00:00,2026-06-26 17:00:12.792759
2025-07-25,Flazz,False,5,49000,scheduled__2026-06-25T17:00:00+00:00,2026-06-26 17:00:12.792759
2025-07-25,Flazz,True,7,102500,scheduled__2026-06-25T17:00:00+00:00,2026-06-26 17:00:12.792759
2025-07-25,JakCard,True,9,104000,scheduled__2026-06-25T17:00:00+00:00,2026-06-26 17:00:12.792759
2025-07-25,JakCard,False,4,2000,scheduled__2026-06-25T17:00:00+00:00,2026-06-26 17:00:12.792759
2025-07-26,BRIZZI,False,11,113000,scheduled__2026-06-25T17:00:00+00:00,2026-06-26 17:00:12.792759
2025-07-26,E-Money,True,11,222500,scheduled__2026-06-25T17:00:00+00:00,2026-06-26 17:00:12.792759
2025-07-26,E-Money,False,7,116000,scheduled__2026-06-25T17:00:00+00:00,2026-06-26 17:00:12.792759
2025-07-26,Flazz,True,7,150500,scheduled__2026-06-25T17:00:00+00:00,2026-06-26 17:00:12.792759
2025-07-26,Flazz,False,7,104000,scheduled__2026-06-25T17:00:00+00:00,2026-06-26 17:00:12.792759
2025-07-26,JakCard,False,3,42000,scheduled__2026-06-25T17:00:00+00:00,2026-06-26 17:00:12.792759
2025-07-26,JakCard,True,5,13000,scheduled__2026-06-25T17:00:00+00:00,2026-06-26 17:00:12.792759
2025-07-27,BRIZZI,True,7,104000,scheduled__2026-06-25T17:00:00+00:00,2026-06-26 17:00:12.792759
2025-07-27,BRIZZI,False,6,79000,scheduled__2026-06-25T17:00:00+00:00,2026-06-26 17:00:12.792759
2025-07-27,E-Money,False,6,77500,scheduled__2026-06-25T17:00:00+00:00,2026-06-26 17:00:12.792759
2025-07-27,E-Money,True,3,60000,scheduled__2026-06-25T17:00:00+00:00,2026-06-26 17:00:12.792759
2025-07-27,Flazz,False,5,31000,scheduled__2026-06-25T17:00:00+00:00,2026-06-26 17:00:12.792759
2025-07-27,Flazz,True,2,22000,scheduled__2026-06-25T17:00:00+00:00,2026-06-26 17:00:12.792759
2025-07-27,JakCard,True,4,42500,scheduled__2026-06-25T17:00:00+00:00,2026-06-26 17:00:12.792759
2025-07-27,JakCard,False,2,40000,scheduled__2026-06-25T17:00:00+00:00,2026-06-26 17:00:12.792759
2025-07-28,BRIZZI,True,6,94000,scheduled__2026-06-25T17:00:00+00:00,2026-06-26 17:00:12.792759
2025-07-28,BRIZZI,False,5,98500,scheduled__2026-06-25T17:00:00+00:00,2026-06-26 17:00:12.792759
2025-07-28,E-Money,False,8,202000,scheduled__2026-06-25T17:00:00+00:00,2026-06-26 17:00:12.792759
2025-07-28,E-Money,True,4,27500,scheduled__2026-06-25T17:00:00+00:00,2026-06-26 17:00:12.792759
2025-07-28,Flazz,False,7,82000,scheduled__2026-06-25T17:00:00+00:00,2026-06-26 17:00:12.792759
2025-07-28,Flazz,True,10,195500,scheduled__2026-06-25T17:00:00+00:00,2026-06-26 17:00:12.792759
2025-07-28,JakCard,False,5,47500,scheduled__2026-06-25T17:00:00+00:00,2026-06-26 17:00:12.792759
2025-07-28,JakCard,True,5,115000,scheduled__2026-06-25T17:00:00+00:00,2026-06-26 17:00:12.792759
2025-07-29,BRIZZI,True,3,35000,scheduled__2026-06-25T17:00:00+00:00,2026-06-26 17:00:12.792759
2025-07-29,BRIZZI,False,6,81000,scheduled__2026-06-25T17:00:00+00:00,2026-06-26 17:00:12.792759
2025-07-29,E-Money,False,6,129000,scheduled__2026-06-25T17:00:00+00:00,2026-06-26 17:00:12.792759
2025-07-29,E-Money,True,7,81000,scheduled__2026-06-25T17:00:00+00:00,2026-06-26 17:00:12.792759
2025-07-29,Flazz,False,3,23500,scheduled__2026-06-25T17:00:00+00:00,2026-06-26 17:00:12.792759
2025-07-29,Flazz,True,10,106000,scheduled__2026-06-25T17:00:00+00:00,2026-06-26 17:00:12.792759
2025-07-29,JakCard,True,10,141000,scheduled__2026-06-25T17:00:00+00:00,2026-06-26 17:00:12.792759
2025-07-29,JakCard,False,2,40000,scheduled__2026-06-25T17:00:00+00:00,2026-06-26 17:00:12.792759
2025-07-30,BRIZZI,True,6,62500,scheduled__2026-06-25T17:00:00+00:00,2026-06-26 17:00:12.792759
2025-07-30,BRIZZI,False,8,101000,scheduled__2026-06-25T17:00:00+00:00,2026-06-26 17:00:12.792759
2025-07-30,E-Money,True,4,60500,scheduled__2026-06-25T17:00:00+00:00,2026-06-26 17:00:12.792759
2025-07-30,E-Money,False,7,145500,scheduled__2026-06-25T17:00:00+00:00,2026-06-26 17:00:12.792759
2025-07-30,Flazz,False,5,64000,scheduled__2026-06-25T17:00:00+00:00,2026-06-26 17:00:12.792759
2025-07-30,Flazz,True,6,94000,scheduled__2026-06-25T17:00:00+00:00,2026-06-26 17:00:12.792759
2025-07-30,JakCard,True,6,98500,scheduled__2026-06-25T17:00:00+00:00,2026-06-26 17:00:12.792759
2025-07-30,JakCard,False,9,157500,scheduled__2026-06-25T17:00:00+00:00,2026-06-26 17:00:12.792759
2025-07-31,BRIZZI,False,5,42500,scheduled__2026-06-25T17:00:00+00:00,2026-06-26 17:00:12.792759
2025-07-31,BRIZZI,True,5,24000,scheduled__2026-06-25T17:00:00+00:00,2026-06-26 17:00:12.792759
2025-07-31,E-Money,False,2,23500,scheduled__2026-06-25T17:00:00+00:00,2026-06-26 17:00:12.792759
2025-07-31,E-Money,True,6,114000,scheduled__2026-06-25T17:00:00+00:00,2026-06-26 17:00:12.792759
2025-07-31,Flazz,True,5,77000,scheduled__2026-06-25T17:00:00+00:00,2026-06-26 17:00:12.792759
2025-07-31,Flazz,False,7,82500,scheduled__2026-06-25T17:00:00+00:00,2026-06-26 17:00:12.792759
2025-07-31,JakCard,False,3,58500,scheduled__2026-06-25T17:00:00+00:00,2026-06-26 17:00:12.792759
2025-07-31,JakCard,True,5,77000,scheduled__2026-06-25T17:00:00+00:00,2026-06-26 17:00:12.792759
