tanggal,fare_int,gate_in_boo,jumlah_pelanggan,total_amount,etl_run_id,etl_loaded_at
2025-07-01,0,True,5,0,scheduled__2026-06-25T17:00:00+00:00,2026-06-26 17:00:12.792759
2025-07-01,0,False,2,0,scheduled__2026-06-25T17:00:00+00:00,2026-06-26 17:00:12.792759
2025-07-01,2000,True,3,6000,scheduled__2026-06-25T17:00:00+00:00,2026-06-26 17:00:12.792759
2025-07-01,2000,False,6,12000,scheduled__2026-06-25T17:00:00+00:00,2026-06-26 17:00:12.792759
2025-07-01,3500,False,2,7000,scheduled__2026-06-25T17:00:00+00:00,2026-06-26 17:00:12.792759
2025-07-01,3500,True,1,3500,scheduled__2026-06-25T17:00:00+00:00,2026-06-26 17:00:12.792759
2025-07-01,20000,False,6,120000,scheduled__2026-06-25T17:00:00+00:00,2026-06-26 17:00:12.792759
2025-07-01,20000,True,10,200000,scheduled__2026-06-25T17:00:00+00:00,2026-06-26 17:00:12.792759
2025-07-01,35000,False,5,175000,scheduled__2026-06-25T17:00:00+00:00,2026-06-26 17:00:12.792759
2025-07-01,35000,True,3,105000,scheduled__2026-06-25T17:00:00+00:00,2026-06-26 17:00:12.792759
2025-07-02,0,True,7,0,scheduled__2026-06-25T17:00:00+00:00,2026-06-26 17:00:12.792759
2025-07-02,2000,False,5,10000,scheduled__2026-06-25T17:00:00+00:00,2026-06-26 17:00:12.792759
2025-07-02,2000,True,3,6000,scheduled__2026-06-25T17:00:00+00:00,2026-06-26 17:00:12.792759
2025-07-02,3500,False,5,17500,scheduled__2026-06-25T17:00:00+00:00,2026-06-26 17:00:12.792759
2025-07-02,3500,True,1,3500,scheduled__2026-06-25T17:00:00+00:00,2026-06-26 17:00:12.792759
2025-07-02,20000,True,4,80000,scheduled__2026-06-25T17:00:00+00:00,2026-06-26 17:00:12.792759
2025-07-02,20000,False,5,100000,scheduled__2026-06-25T17:00:00+00:00,2026-06-26 17:00:12.792759
2025-07-02,35000,True,5,175000,scheduled__2026-06-25T17:00:00+00:00,2026-06-26 17:00:12.792759
2025-07-02,35000,False,8,280000,scheduled__2026-06-25T17:00:00+00:00,2026-06-26 17:00:12.792759
2025-07-03,0,False,1,0,scheduled__2026-06-25T17:00:00+00:00,2026-06-26 17:00:12.792759
2025-07-03,0,True,5,0,scheduled__2026-06-25T17:00:00+00:00,2026-06-26 17:00:12.792759
2025-07-03,2000,True,9,18000,scheduled__2026-06-25T17:00:00+00:00,2026-06-26 17:00:12.792759
2025-07-03,2000,False,5,10000,scheduled__2026-06-25T17:00:00+00:00,2026-06-26 17:00:12.792759
2025-07-03,3500,False,6,21000,scheduled__2026-06-25T17:00:00+00:00,2026-06-26 17:00:12.792759
2025-07-03,3500,True,2,7000,scheduled__2026-06-25T17:00:00+00:00,2026-06-26 17:00:12.792759
2025-07-03,20000,True,1,20000,scheduled__2026-06-25T17:00:00+00:00,2026-06-26 17:00:12.792759
2025-07-03,20000,False,6,120000,scheduled__2026-06-25T17:00:00+00:00,2026-06-26 17:00:12.792759
2025-07-03,35000,True,4,140000,scheduled__2026-06-25T17:00:00+00:00,2026-06-26 17:00:12.792759
2025-07-03,35000,False,4,140000,scheduled__2026-06-25T17:00:00+00:00,2026-06-26 17:00:12.792759
2025-07-04,0,False,4,0,scheduled__2026-06-25T17:00:00+00:00,2026-06-26 17:00:12.792759
2025-07-04,0,True,3,0,scheduled__2026-06-25T17:00:00+00:00,2026-06-26 17:00:12.792759
2025-07-04,2000,True,3,6000,scheduled__2026-06-25T17:00:00+00:00,2026-06-26 17:00:12.792759
2025-07-04,2000,False,1,2000,scheduled__2026-06-25T17:00:00+00:00,2026-06-26 17:00:12.792759
2025-07-04,3500,False,3,10500,scheduled__2026-06-25T17:00:00+00:00,2026-06-26 17:00:12.792759
2025-07-04,3500,True,5,17500,scheduled__2026-06-25T17:00:00+00:00,2026-06-26 17:00:12.792759
2025-07-04,20000,True,7,140000,scheduled__2026-06-25T17:00:00+00:00,2026-06-26 17:00:12.792759
2025-07-04,20000,False,4,80000,scheduled__2026-06-25T17:00:00+00:00,2026-06-26 17:00:12.792759
2025-07-04,35000,True,4,140000,scheduled__2026-06-25T17:00:00+00:00,2026-06-26 17:00:12.792759
2025-07-04,35000,False,8,280000,scheduled__2026-06-25T17:00:00+00:00,2026-06-26 17:00:12.792759
2025-07-05,0,False,3,0,scheduled__2026-06-25T17:00:00+00:00,2026-06-26 17:00:12.792759
2025-07-05,0,True,3,0,scheduled__2026-06-25T17:00:00+00:00,2026-06-26 17:00:12.792759
2025-07-05,2000,False,5,10000,scheduled__2026-06-25T17:00:00+00:00,2026-06-26 17:00:12.792759
2025-07-05,2000,True,3,6000,scheduled__2026-06-25T17:00:00+00:00,2026-06-26 17:00:12.792759
2025-07-05,3500,False,3,10500,scheduled__2026-06-25T17:00:00+00:00,2026-06-26 17:00:12.792759
2025-07-05,3500,True,3,10500,scheduled__2026-06-25T17:00:00+00:00,2026-06-26 17:00:12.792759
2025-07-05,20000,True,3,60000,scheduled__2026-06-25T17:00:00+00:00,2026-06-26 17:00:12.792759
2025-07-05,20000,False,6,120000,scheduled__2026-06-25T17:00:00+00:00,2026-06-26 17:00:12.792759
2025-07-05,35000,True,7,245000,scheduled__2026-06-25T17:00:00+00:00,2026-06-26 17:00:12.792759
2025-07-05,35000,False,5,175000,scheduled__2026-06-25T17:00:00+00:00,2026-06-26 17:00:12.792759
2025-07-06,0,False,3,0,scheduled__2026-06-25T17:00:00+00:00,2026-06-26 17:00:12.792759
2025-07-06,0,True,5,0,scheduled__2026-06-25T17:00:00+00:00,2026-06-26 17:00:12.792759
2025-07-06,2000,False,1,2000,scheduled__2026-06-25T17:00:00+00:00,2026-06-26 17:00:12.792759
2025-07-06,2000,True,5,10000,scheduled__2026-06-25T17:00:00+00:00,2026-06-26 17:00:12.792759
2025-07-06,3500,False,3,10500,scheduled__2026-06-25T17:00:00+00:00,2026-06-26 17:00:12.792759
2025-07-06,3500,True,6,21000,scheduled__2026-06-25T17:00:00+00:00,2026-06-26 17:00:12.792759
2025-07-06,20000,False,3,60000,scheduled__2026-06-25T17:00:00+00:00,2026-06-26 17:00:12.792759
2025-07-06,20000,True,3,60000,scheduled__2026-06-25T17:00:00+00:00,2026-06-26 17:00:12.792759
2025-07-06,35000,True,4,140000,scheduled__2026-06-25T17:00:00+00:00,2026-06-26 17:00:12.792759
2025-07-06,35000,False,7,245000,scheduled__2026-06-25T17:00:00+00:00,2026-06-26 17:00:12.792759
2025-07-07,0,False,4,0,scheduled__2026-06-25T17:00:00+00:00,2026-06-26 17:00:12.792759
2025-07-07,2000,True,3,6000,scheduled__2026-06-25T17:00:00+00:00,2026-06-26 17:00:12.792759
2025-07-07,2000,False,5,10000,scheduled__2026-06-25T17:00:00+00:00,2026-06-26 17:00:12.792759
2025-07-07,3500,False,1,3500,scheduled__2026-06-25T17:00:00+00:00,2026-06-26 17:00:12.792759
2025-07-07,3500,True,5,17500,scheduled__2026-06-25T17:00:00+00:00,2026-06-26 17:00:12.792759
2025-07-07,20000,False,3,60000,scheduled__2026-06-25T17:00:00+00:00,2026-06-26 17:00:12.792759
2025-07-07,20000,True,4,80000,scheduled__2026-06-25T17:00:00+00:00,2026-06-26 17:00:12.792759
2025-07-07,35000,False,6,210000,scheduled__2026-06-25T17:00:00+00:00,2026-06-26 17:00:12.792759
2025-07-07,35000,True,3,105000,scheduled__2026-06-25T17:00:00+00:00,2026-06-26 17:00:12.792759
2025-07-08,0,True,1,0,scheduled__2026-06-25T17:00:00+00:00,2026-06-26 17:00:12.792759
2025-07-08,0,False,4,0,scheduled__2026-06-25T17:00:00+00:00,2026-06-26 17:00:12.792759
2025-07-08,2000,True,3,6000,scheduled__2026-06-25T17:00:00+00:00,2026-06-26 17:00:12.792759
2025-07-08,2000,False,2,4000,scheduled__2026-06-25T17:00:00+00:00,2026-06-26 17:00:12.792759
2025-07-08,3500,False,5,17500,scheduled__2026-06-25T17:00:00+00:00,2026-06-26 17:00:12.792759
2025-07-08,3500,True,2,7000,scheduled__2026-06-25T17:00:00+00:00,2026-06-26 17:00:12.792759
2025-07-08,20000,False,6,120000,scheduled__2026-06-25T17:00:00+00:00,2026-06-26 17:00:12.792759
2025-07-08,20000,True,6,120000,scheduled__2026-06-25T17:00:00+00:00,2026-06-26 17:00:12.792759
2025-07-08,35000,True,2,70000,scheduled__2026-06-25T17:00:00+00:00,2026-06-26 17:00:12.792759
2025-07-08,35000,False,4,140000,scheduled__2026-06-25T17:00:00+00:00,2026-06-26 17:00:12.792759
2025-07-09,0,False,4,0,scheduled__2026-06-25T17:00:00+00:00,2026-06-26 17:00:12.792759
2025-07-09,0,True,6,0,scheduled__2026-06-25T17:00:00+00:00,2026-06-26 17:00:12.792759
2025-07-09,2000,False,6,12000,scheduled__2026-06-25T17:00:00+00:00,2026-06-26 17:00:12.792759
2025-07-09,2000,True,5,10000,scheduled__2026-06-25T17:00:00+00:00,2026-06-26 17:00:12.792759
2025-07-09,3500,False,7,24500,scheduled__2026-06-25T17:00:00+00:00,2026-06-26 17:00:12.792759
2025-07-09,3500,True,5,17500,scheduled__2026-06-25T17:00:00+00:00,2026-06-26 17:00:12.792759
2025-07-09,20000,True,4,80000,scheduled__2026-06-25T17:00:00+00:00,2026-06-26 17:00:12.792759
2025-07-09,20000,False,7,140000,scheduled__2026-06-25T17:00:00+00:00,2026-06-26 17:00:12.792759
2025-07-09,35000,False,4,140000,scheduled__2026-06-25T17:00:00+00:00,2026-06-26 17:00:12.792759
2025-07-09,35000,True,5,175000,scheduled__2026-06-25T17:00:00+00:00,2026-06-26 17:00:12.792759
2025-07-10,0,True,1,0,scheduled__2026-06-25T17:00:00+00:00,2026-06-26 17:00:12.792759
2025-07-10,0,False,3,0,scheduled__2026-06-25T17:00:00+00:00,2026-06-26 17:00:12.792759
2025-07-10,2000,True,5,10000,scheduled__2026-06-25T17:00:00+00:00,2026-06-26 17:00:12.792759
2025-07-10,2000,False,5,10000,scheduled__2026-06-25T17:00:00+00:00,2026-06-26 17:00:12.792759
2025-07-10,3500,True,6,21000,scheduled__2026-06-25T17:00:00+00:00,2026-06-26 17:00:12.792759
2025-07-10,3500,False,3,10500,scheduled__2026-06-25T17:00:00+00:00,2026-06-26 17:00:12.792759
2025-07-10,20000,True,2,40000,scheduled__2026-06-25T17:00:00+00:00,2026-06-26 17:00:12.792759
2025-07-10,20000,False,3,60000,scheduled__2026-06-25T17:00:00+00:00,2026-06-26 17:00:12.792759
2025-07-10,35000,True,5,175000,scheduled__2026-06-25T17:00:00+00:00,2026-06-26 17:00:12.792759
2025-07-10,35000,False,4,140000,scheduled__2026-06-25T17:00:00+00:00,2026-06-26 17:00:12.792759
2025-07-11,0,True,3,0,scheduled__2026-06-25T17:00:00+00:00,2026-06-26 17:00:12.792759
2025-07-11,0,False,4,0,scheduled__2026-06-25T17:00:00+00:00,2026-06-26 17:00:12.792759
2025-07-11,2000,True,9,18000,scheduled__2026-06-25T17:00:00+00:00,2026-06-26 17:00:12.792759
2025-07-11,2000,False,3,6000,scheduled__2026-06-25T17:00:00+00:00,2026-06-26 17:00:12.792759
2025-07-11,3500,False,4,14000,scheduled__2026-06-25T17:00:00+00:00,2026-06-26 17:00:12.792759
2025-07-11,3500,True,2,7000,scheduled__2026-06-25T17:00:00+00:00,2026-06-26 17:00:12.792759
2025-07-11,20000,True,2,40000,scheduled__2026-06-25T17:00:00+00:00,2026-06-26 17:00:12.792759
2025-07-11,20000,False,4,80000,scheduled__2026-06-25T17:00:00+00:00,2026-06-26 17:00:12.792759
2025-07-11,35000,False,4,140000,scheduled__2026-06-25T17:00:00+00:00,2026-06-26 17:00:12.792759
2025-07-11,35000,True,2,70000,scheduled__2026-06-25T17:00:00+00:00,2026-06-26 17:00:12.792759
2025-07-12,0,False,3,0,scheduled__2026-06-25T17:00:00+00:00,2026-06-26 17:00:12.792759
2025-07-12,2000,False,5,10000,scheduled__2026-06-25T17:00:00+00:00,2026-06-26 17:00:12.792759
2025-07-12,2000,True,2,4000,scheduled__2026-06-25T17:00:00+00:00,2026-06-26 17:00:12.792759
2025-07-12,3500,False,5,17500,scheduled__2026-06-25T17:00:00+00:00,2026-06-26 17:00:12.792759
2025-07-12,3500,True,6,21000,scheduled__2026-06-25T17:00:00+00:00,2026-06-26 17:00:12.792759
2025-07-12,20000,True,6,120000,scheduled__2026-06-25T17:00:00+00:00,2026-06-26 17:00:12.792759
2025-07-12,20000,False,2,40000,scheduled__2026-06-25T17:00:00+00:00,2026-06-26 17:00:12.792759
2025-07-12,35000,True,4,140000,scheduled__2026-06-25T17:00:00+00:00,2026-06-26 17:00:12.792759
2025-07-12,35000,False,7,245000,scheduled__2026-06-25T17:00:00+00:00,2026-06-26 17:00:12.792759
2025-07-13,0,True,2,0,scheduled__2026-06-25T17:00:00+00:00,2026-06-26 17:00:12.792759
2025-07-13,0,False,1,0,scheduled__2026-06-25T17:00:00+00:00,2026-06-26 17:00:12.792759
2025-07-13,2000,True,10,20000,scheduled__2026-06-25T17:00:00+00:00,2026-06-26 17:00:12.792759
2025-07-13,2000,False,4,8000,scheduled__2026-06-25T17:00:00+00:00,2026-06-26 17:00:12.792759
2025-07-13,3500,True,2,7000,scheduled__2026-06-25T17:00:00+00:00,2026-06-26 17:00:12.792759
2025-07-13,3500,False,3,10500,scheduled__2026-06-25T17:00:00+00:00,2026-06-26 17:00:12.792759
2025-07-13,20000,True,4,80000,scheduled__2026-06-25T17:00:00+00:00,2026-06-26 17:00:12.792759
2025-07-13,20000,False,4,80000,scheduled__2026-06-25T17:00:00+00:00,2026-06-26 17:00:12.792759
2025-07-13,35000,True,6,210000,scheduled__2026-06-25T17:00:00+00:00,2026-06-26 17:00:12.792759
2025-07-13,35000,False,3,105000,scheduled__2026-06-25T17:00:00+00:00,2026-06-26 17:00:12.792759
2025-07-14,0,True,1,0,scheduled__2026-06-25T17:00:00+00:00,2026-06-26 17:00:12.792759
2025-07-14,0,False,1,0,scheduled__2026-06-25T17:00:00+00:00,2026-06-26 17:00:12.792759
2025-07-14,2000,True,3,6000,scheduled__2026-06-25T17:00:00+00:00,2026-06-26 17:00:12.792759
2025-07-14,2000,False,3,6000,scheduled__2026-06-25T17:00:00+00:00,2026-06-26 17:00:12.792759
2025-07-14,3500,False,3,10500,scheduled__2026-06-25T17:00:00+00:00,2026-06-26 17:00:12.792759
2025-07-14,3500,True,4,14000,scheduled__2026-06-25T17:00:00+00:00,2026-06-26 17:00:12.792759
2025-07-14,20000,False,4,80000,scheduled__2026-06-25T17:00:00+00:00,2026-06-26 17:00:12.792759
2025-07-14,20000,True,8,160000,scheduled__2026-06-25T17:00:00+00:00,2026-06-26 17:00:12.792759
2025-07-14,35000,False,4,140000,scheduled__2026-06-25T17:00:00+00:00,2026-06-26 17:00:12.792759
2025-07-14,35000,True,2,70000,scheduled__2026-06-25T17:00:00+00:00,2026-06-26 17:00:12.792759
2025-07-15,0,True,3,0,scheduled__2026-06-25T17:00:00+00:00,2026-06-26 17:00:12.792759
2025-07-15,0,False,1,0,scheduled__2026-06-25T17:00:00+00:00,2026-06-26 17:00:12.792759
2025-07-15,2000,False,6,12000,scheduled__2026-06-25T17:00:00+00:00,2026-06-26 17:00:12.792759
2025-07-15,2000,True,2,4000,scheduled__2026-06-25T17:00:00+00:00,2026-06-26 17:00:12.792759
2025-07-15,3500,True,4,14000,scheduled__2026-06-25T17:00:00+00:00,2026-06-26 17:00:12.792759
2025-07-15,3500,False,3,10500,scheduled__2026-06-25T17:00:00+00:00,2026-06-26 17:00:12.792759
2025-07-15,20000,False,3,60000,scheduled__2026-06-25T17:00:00+00:00,2026-06-26 17:00:12.792759
2025-07-15,20000,True,5,100000,scheduled__2026-06-25T17:00:00+00:00,2026-06-26 17:00:12.792759
2025-07-15,35000,False,4,140000,scheduled__2026-06-25T17:00:00+00:00,2026-06-26 17:00:12.792759
2025-07-15,35000,True,2,70000,scheduled__2026-06-25T17:00:00+00:00,2026-06-26 17:00:12.792759
2025-07-16,0,True,3,0,scheduled__2026-06-25T17:00:00+00:00,2026-06-26 17:00:12.792759
2025-07-16,0,False,1,0,scheduled__2026-06-25T17:00:00+00:00,2026-06-26 17:00:12.792759
2025-07-16,2000,True,4,8000,scheduled__2026-06-25T17:00:00+00:00,2026-06-26 17:00:12.792759
2025-07-16,2000,False,3,6000,scheduled__2026-06-25T17:00:00+00:00,2026-06-26 17:00:12.792759
2025-07-16,3500,True,7,24500,scheduled__2026-06-25T17:00:00+00:00,2026-06-26 17:00:12.792759
2025-07-16,3500,False,4,14000,scheduled__2026-06-25T17:00:00+00:00,2026-06-26 17:00:12.792759
2025-07-16,20000,False,7,140000,scheduled__2026-06-25T17:00:00+00:00,2026-06-26 17:00:12.792759
2025-07-16,20000,True,3,60000,scheduled__2026-06-25T17:00:00+00:00,2026-06-26 17:00:12.792759
2025-07-16,35000,False,1,35000,scheduled__2026-06-25T17:00:00+00:00,2026-06-26 17:00:12.792759
2025-07-16,35000,True,11,385000,scheduled__2026-06-25T17:00:00+00:00,2026-06-26 17:00:12.792759
2025-07-17,0,True,5,0,scheduled__2026-06-25T17:00:00+00:00,2026-06-26 17:00:12.792759
2025-07-17,0,False,1,0,scheduled__2026-06-25T17:00:00+00:00,2026-06-26 17:00:12.792759
2025-07-17,2000,True,4,8000,scheduled__2026-06-25T17:00:00+00:00,2026-06-26 17:00:12.792759
2025-07-17,2000,False,3,6000,scheduled__2026-06-25T17:00:00+00:00,2026-06-26 17:00:12.792759
2025-07-17,3500,False,3,10500,scheduled__2026-06-25T17:00:00+00:00,2026-06-26 17:00:12.792759
2025-07-17,3500,True,2,7000,scheduled__2026-06-25T17:00:00+00:00,2026-06-26 17:00:12.792759
2025-07-17,20000,True,7,140000,scheduled__2026-06-25T17:00:00+00:00,2026-06-26 17:00:12.792759
2025-07-17,20000,False,8,160000,scheduled__2026-06-25T17:00:00+00:00,2026-06-26 17:00:12.792759
2025-07-17,35000,True,4,140000,scheduled__2026-06-25T17:00:00+00:00,2026-06-26 17:00:12.792759
2025-07-17,35000,False,5,175000,scheduled__2026-06-25T17:00:00+00:00,2026-06-26 17:00:12.792759
2025-07-18,0,True,3,0,scheduled__2026-06-25T17:00:00+00:00,2026-06-26 17:00:12.792759
2025-07-18,0,False,2,0,scheduled__2026-06-25T17:00:00+00:00,2026-06-26 17:00:12.792759
2025-07-18,2000,True,4,8000,scheduled__2026-06-25T17:00:00+00:00,2026-06-26 17:00:12.792759
2025-07-18,2000,False,3,6000,scheduled__2026-06-25T17:00:00+00:00,2026-06-26 17:00:12.792759
2025-07-18,3500,True,4,14000,scheduled__2026-06-25T17:00:00+00:00,2026-06-26 17:00:12.792759
2025-07-18,3500,False,4,14000,scheduled__2026-06-25T17:00:00+00:00,2026-06-26 17:00:12.792759
2025-07-18,20000,False,4,80000,scheduled__2026-06-25T17:00:00+00:00,2026-06-26 17:00:12.792759
2025-07-18,20000,True,6,120000,scheduled__2026-06-25T17:00:00+00:00,2026-06-26 17:00:12.792759
2025-07-18,35000,True,5,175000,scheduled__2026-06-25T17:00:00+00:00,2026-06-26 17:00:12.792759
2025-07-18,35000,False,2,70000,scheduled__2026-06-25T17:00:00+00:00,2026-06-26 17:00:12.792759
2025-07-19,0,True,1,0,scheduled__2026-06-25T17:00:00+00:00,2026-06-26 17:00:12.792759
2025-07-19,0,False,4,0,scheduled__2026-06-25T17:00:00+00:00,2026-06-26 17:00:12.792759
2025-07-19,2000,True,6,12000,scheduled__2026-06-25T17:00:00+00:00,2026-06-26 17:00:12.792759
2025-07-19,2000,False,10,20000,scheduled__2026-06-25T17:00:00+00:00,2026-06-26 17:00:12.792759
2025-07-19,3500,True,2,7000,scheduled__2026-06-25T17:00:00+00:00,2026-06-26 17:00:12.792759
2025-07-19,20000,True,4,80000,scheduled__2026-06-25T17:00:00+00:00,2026-06-26 17:00:12.792759
2025-07-19,20000,False,4,80000,scheduled__2026-06-25T17:00:00+00:00,2026-06-26 17:00:12.792759
2025-07-19,35000,False,4,140000,scheduled__2026-06-25T17:00:00+00:00,2026-06-26 17:00:12.792759
2025-07-19,35000,True,3,105000,scheduled__2026-06-25T17:00:00+00:00,2026-06-26 17:00:12.792759
2025-07-20,0,True,3,0,scheduled__2026-06-25T17:00:00+00:00,2026-06-26 17:00:12.792759
2025-07-20,0,False,2,0,scheduled__2026-06-25T17:00:00+00:00,2026-06-26 17:00:12.792759
2025-07-20,2000,True,6,12000,scheduled__2026-06-25T17:00:00+00:00,2026-06-26 17:00:12.792759
2025-07-20,2000,False,9,18000,scheduled__2026-06-25T17:00:00+00:00,2026-06-26 17:00:12.792759
2025-07-20,3500,True,3,10500,scheduled__2026-06-25T17:00:00+00:00,2026-06-26 17:00:12.792759
2025-07-20,3500,False,3,10500,scheduled__2026-06-25T17:00:00+00:00,2026-06-26 17:00:12.792759
2025-07-20,20000,True,6,120000,scheduled__2026-06-25T17:00:00+00:00,2026-06-26 17:00:12.792759
2025-07-20,20000,False,6,120000,scheduled__2026-06-25T17:00:00+00:00,2026-06-26 17:00:12.792759
2025-07-20,35000,False,4,140000,scheduled__2026-06-25T17:00:00+00:00,2026-06-26 17:00:12.792759
2025-07-20,35000,True,5,175000,scheduled__2026-06-25T17:00:00+00:00,2026-06-26 17:00:12.792759
2025-07-21,0,False,4,0,scheduled__2026-06-25T17:00:00+00:00,2026-06-26 17:00:12.792759
2025-07-21,0,True,2,0,scheduled__2026-06-25T17:00:00+00:00,2026-06-26 17:00:12.792759
2025-07-21,2000,True,4,8000,scheduled__2026-06-25T17:00:00+00:00,2026-06-26 17:00:12.792759
2025-07-21,2000,False,2,4000,scheduled__2026-06-25T17:00:00+00:00,2026-06-26 17:00:12.792759
2025-07-21,3500,False,3,10500,scheduled__2026-06-25T17:00:00+00:00,2026-06-26 17:00:12.792759
2025-07-21,3500,True,3,10500,scheduled__2026-06-25T17:00:00+00:00,2026-06-26 17:00:12.792759
2025-07-21,20000,False,7,140000,scheduled__2026-06-25T17:00:00+00:00,2026-06-26 17:00:12.792759
2025-07-21,20000,True,4,80000,scheduled__2026-06-25T17:00:00+00:00,2026-06-26 17:00:12.792759
2025-07-21,35000,True,3,105000,scheduled__2026-06-25T17:00:00+00:00,2026-06-26 17:00:12.792759
2025-07-21,35000,False,6,210000,scheduled__2026-06-25T17:00:00+00:00,2026-06-26 17:00:12.792759
2025-07-22,0,False,2,0,scheduled__2026-06-25T17:00:00+00:00,2026-06-26 17:00:12.792759
2025-07-22,0,True,1,0,scheduled__2026-06-25T17:00:00+00:00,2026-06-26 17:00:12.792759
2025-07-22,2000,True,3,6000,scheduled__2026-06-25T17:00:00+00:00,2026-06-26 17:00:12.792759
2025-07-22,2000,False,5,10000,scheduled__2026-06-25T17:00:00+00:00,2026-06-26 17:00:12.792759
2025-07-22,3500,True,2,7000,scheduled__2026-06-25T17:00:00+00:00,2026-06-26 17:00:12.792759
2025-07-22,3500,False,5,17500,scheduled__2026-06-25T17:00:00+00:00,2026-06-26 17:00:12.792759
2025-07-22,20000,False,3,60000,scheduled__2026-06-25T17:00:00+00:00,2026-06-26 17:00:12.792759
2025-07-22,20000,True,2,40000,scheduled__2026-06-25T17:00:00+00:00,2026-06-26 17:00:12.792759
2025-07-22,35000,True,4,140000,scheduled__2026-06-25T17:00:00+00:00,2026-06-26 17:00:12.792759
2025-07-22,35000,False,6,210000,scheduled__2026-06-25T17:00:00+00:00,2026-06-26 17:00:12.792759
2025-07-23,0,False,1,0,scheduled__2026-06-25T17:00:00+00:00,2026-06-26 17:00:12.792759
2025-07-23,0,True,1,0,scheduled__2026-06-25T17:00:00+00:00,2026-06-26 17:00:12.792759
2025-07-23,2000,False,4,8000,scheduled__2026-06-25T17:00:00+00:00,2026-06-26 17:00:12.792759
2025-07-23,2000,True,4,8000,scheduled__2026-06-25T17:00:00+00:00,2026-06-26 17:00:12.792759
2025-07-23,3500,False,6,21000,scheduled__2026-06-25T17:00:00+00:00,2026-06-26 17:00:12.792759
2025-07-23,3500,True,7,24500,scheduled__2026-06-25T17:00:00+00:00,2026-06-26 17:00:12.792759
2025-07-23,20000,False,7,140000,scheduled__2026-06-25T17:00:00+00:00,2026-06-26 17:00:12.792759
2025-07-23,20000,True,4,80000,scheduled__2026-06-25T17:00:00+00:00,2026-06-26 17:00:12.792759
2025-07-23,35000,True,3,105000,scheduled__2026-06-25T17:00:00+00:00,2026-06-26 17:00:12.792759
2025-07-23,35000,False,3,105000,scheduled__2026-06-25T17:00:00+00:00,2026-06-26 17:00:12.792759
2025-07-24,0,True,4,0,scheduled__2026-06-25T17:00:00+00:00,2026-06-26 17:00:12.792759
2025-07-24,0,False,1,0,scheduled__2026-06-25T17:00:00+00:00,2026-06-26 17:00:12.792759
2025-07-24,2000,False,5,10000,scheduled__2026-06-25T17:00:00+00:00,2026-06-26 17:00:12.792759
2025-07-24,2000,True,4,8000,scheduled__2026-06-25T17:00:00+00:00,2026-06-26 17:00:12.792759
2025-07-24,3500,False,8,28000,scheduled__2026-06-25T17:00:00+00:00,2026-06-26 17:00:12.792759
2025-07-24,3500,True,8,28000,scheduled__2026-06-25T17:00:00+00:00,2026-06-26 17:00:12.792759
2025-07-24,20000,False,2,40000,scheduled__2026-06-25T17:00:00+00:00,2026-06-26 17:00:12.792759
2025-07-24,20000,True,5,100000,scheduled__2026-06-25T17:00:00+00:00,2026-06-26 17:00:12.792759
2025-07-24,35000,False,1,35000,scheduled__2026-06-25T17:00:00+00:00,2026-06-26 17:00:12.792759
2025-07-24,35000,True,4,140000,scheduled__2026-06-25T17:00:00+00:00,2026-06-26 17:00:12.792759
2025-07-25,0,True,2,0,scheduled__2026-06-25T17:00:00+00:00,2026-06-26 17:00:12.792759
2025-07-25,0,False,6,0,scheduled__2026-06-25T17:00:00+00:00,2026-06-26 17:00:12.792759
2025-07-25,2000,False,5,10000,scheduled__2026-06-25T17:00:00+00:00,2026-06-26 17:00:12.792759
2025-07-25,2000,True,5,10000,scheduled__2026-06-25T17:00:00+00:00,2026-06-26 17:00:12.792759
2025-07-25,3500,False,4,14000,scheduled__2026-06-25T17:00:00+00:00,2026-06-26 17:00:12.792759
2025-07-25,3500,True,4,14000,scheduled__2026-06-25T17:00:00+00:00,2026-06-26 17:00:12.792759
2025-07-25,20000,True,9,180000,scheduled__2026-06-25T17:00:00+00:00,2026-06-26 17:00:12.792759
2025-07-25,20000,False,4,80000,scheduled__2026-06-25T17:00:00+00:00,2026-06-26 17:00:12.792759
2025-07-25,35000,True,2,70000,scheduled__2026-06-25T17:00:00+00:00,2026-06-26 17:00:12.792759
2025-07-25,35000,False,2,70000,scheduled__2026-06-25T17:00:00+00:00,2026-06-26 17:00:12.792759
2025-07-26,0,False,1,0,scheduled__2026-06-25T17:00:00+00:00,2026-06-26 17:00:12.792759
2025-07-26,0,True,1,0,scheduled__2026-06-25T17:00:00+00:00,2026-06-26 17:00:12.792759
2025-07-26,2000,True,6,12000,scheduled__2026-06-25T17:00:00+00:00,2026-06-26 17:00:12.792759
2025-07-26,2000,False,6,12000,scheduled__2026-06-25T17:00:00+00:00,2026-06-26 17:00:12.792759
2025-07-26,3500,True,4,14000,scheduled__2026-06-25T17:00:00+00:00,2026-06-26 17:00:12.792759
2025-07-26,3500,False,8,28000,scheduled__2026-06-25T17:00:00+00:00,2026-06-26 17:00:12.792759
2025-07-26,20000,False,8,160000,scheduled__2026-06-25T17:00:00+00:00,2026-06-26 17:00:12.792759
2025-07-26,20000,True,4,80000,scheduled__2026-06-25T17:00:00+00:00,2026-06-26 17:00:12.792759
2025-07-26,35000,True,8,280000,scheduled__2026-06-25T17:00:00+00:00,2026-06-26 17:00:12.792759
2025-07-26,35000,False,5,175000,scheduled__2026-06-25T17:00:00+00:00,2026-06-26 17:00:12.792759
2025-07-27,0,False,2,0,scheduled__2026-06-25T17:00:00+00:00,2026-06-26 17:00:12.792759
2025-07-27,2000,True,5,10000,scheduled__2026-06-25T17:00:00+00:00,2026-06-26 17:00:12.792759
2025-07-27,2000,False,5,10000,scheduled__2026-06-25T17:00:00+00:00,2026-06-26 17:00:12.792759
2025-07-27,3500,False,5,17500,scheduled__2026-06-25T17:00:00+00:00,2026-06-26 17:00:12.792759
2025-07-27,3500,True,1,3500,scheduled__2026-06-25T17:00:00+00:00,2026-06-26 17:00:12.792759
2025-07-27,20000,False,3,60000,scheduled__2026-06-25T17:00:00+00:00,2026-06-26 17:00:12.792759
2025-07-27,20000,True,9,180000,scheduled__2026-06-25T17:00:00+00:00,2026-06-26 17:00:12.792759
2025-07-27,35000,True,1,35000,scheduled__2026-06-25T17:00:00+00:00,2026-06-26 17:00:12.792759
2025-07-27,35000,False,4,140000,scheduled__2026-06-25T17:00:00+00:00,2026-06-26 17:00:12.792759
2025-07-28,0,False,2,0,scheduled__2026-06-25T17:00:00+00:00,2026-06-26 17:00:12.792759
2025-07-28,0,True,1,0,scheduled__2026-06-25T17:00:00+00:00,2026-06-26 17:00:12.792759
2025-07-28,2000,True,4,8000,scheduled__2026-06-25T17:00:00+00:00,2026-06-26 17:00:12.792759
2025-07-28,2000,False,3,6000,scheduled__2026-06-25T17:00:00+00:00,2026-06-26 17:00:12.792759
2025-07-28,3500,False,4,14000,scheduled__2026-06-25T17:00:00+00:00,2026-06-26 17:00:12.792759
2025-07-28,3500,True,4,14000,scheduled__2026-06-25T17:00:00+00:00,2026-06-26 17:00:12.792759
2025-07-28,20000,True,10,200000,scheduled__2026-06-25T17:00:00+00:00,2026-06-26 17:00:12.792759
2025-07-28,20000,False,10,200000,scheduled__2026-06-25T17:00:00+00:00,2026-06-26 17:00:12.792759
2025-07-28,35000,True,6,210000,scheduled__2026-06-25T17:00:00+00:00,2026-06-26 17:00:12.792759
2025-07-28,35000,False,6,210000,scheduled__2026-06-25T17:00:00+00:00,2026-06-26 17:00:12.792759
2025-07-29,0,True,6,0,scheduled__2026-06-25T17:00:00+00:00,2026-06-26 17:00:12.792759
2025-07-29,0,False,1,0,scheduled__2026-06-25T17:00:00+00:00,2026-06-26 17:00:12.792759
2025-07-29,2000,True,6,12000,scheduled__2026-06-25T17:00:00+00:00,2026-06-26 17:00:12.792759
2025-07-29,2000,False,5,10000,scheduled__2026-06-25T17:00:00+00:00,2026-06-26 17:00:12.792759
2025-07-29,3500,False,1,3500,scheduled__2026-06-25T17:00:00+00:00,2026-06-26 17:00:12.792759
2025-07-29,3500,True,6,21000,scheduled__2026-06-25T17:00:00+00:00,2026-06-26 17:00:12.792759
2025-07-29,20000,True,6,120000,scheduled__2026-06-25T17:00:00+00:00,2026-06-26 17:00:12.792759
2025-07-29,20000,False,6,120000,scheduled__2026-06-25T17:00:00+00:00,2026-06-26 17:00:12.792759
2025-07-29,35000,False,4,140000,scheduled__2026-06-25T17:00:00+00:00,2026-06-26 17:00:12.792759
2025-07-29,35000,True,6,210000,scheduled__2026-06-25T17:00:00+00:00,2026-06-26 17:00:12.792759
2025-07-30,0,False,2,0,scheduled__2026-06-25T17:00:00+00:00,2026-06-26 17:00:12.792759
2025-07-30,0,True,3,0,scheduled__2026-06-25T17:00:00+00:00,2026-06-26 17:00:12.792759
2025-07-30,2000,True,5,10000,scheduled__2026-06-25T17:00:00+00:00,2026-06-26 17:00:12.792759
2025-07-30,2000,False,6,12000,scheduled__2026-06-25T17:00:00+00:00,2026-06-26 17:00:12.792759
2025-07-30,3500,False,6,21000,scheduled__2026-06-25T17:00:00+00:00,2026-06-26 17:00:12.792759
2025-07-30,3500,True,3,10500,scheduled__2026-06-25T17:00:00+00:00,2026-06-26 17:00:12.792759
2025-07-30,20000,False,6,120000,scheduled__2026-06-25T17:00:00+00:00,2026-06-26 17:00:12.792759
2025-07-30,20000,True,6,120000,scheduled__2026-06-25T17:00:00+00:00,2026-06-26 17:00:12.792759
2025-07-30,35000,False,9,315000,scheduled__2026-06-25T17:00:00+00:00,2026-06-26 17:00:12.792759
2025-07-30,35000,True,5,175000,scheduled__2026-06-25T17:00:00+00:00,2026-06-26 17:00:12.792759
2025-07-31,0,True,4,0,scheduled__2026-06-25T17:00:00+00:00,2026-06-26 17:00:12.792759
2025-07-31,0,False,2,0,scheduled__2026-06-25T17:00:00+00:00,2026-06-26 17:00:12.792759
2025-07-31,2000,True,5,10000,scheduled__2026-06-25T17:00:00+00:00,2026-06-26 17:00:12.792759
2025-07-31,2000,False,3,6000,scheduled__2026-06-25T17:00:00+00:00,2026-06-26 17:00:12.792759
2025-07-31,3500,False,6,21000,scheduled__2026-06-25T17:00:00+00:00,2026-06-26 17:00:12.792759
2025-07-31,3500,True,2,7000,scheduled__2026-06-25T17:00:00+00:00,2026-06-26 17:00:12.792759
2025-07-31,20000,True,5,100000,scheduled__2026-06-25T17:00:00+00:00,2026-06-26 17:00:12.792759
2025-07-31,20000,False,2,40000,scheduled__2026-06-25T17:00:00+00:00,2026-06-26 17:00:12.792759
2025-07-31,35000,True,5,175000,scheduled__2026-06-25T17:00:00+00:00,2026-06-26 17:00:12.792759
2025-07-31,35000,False,4,140000,scheduled__2026-06-25T17:00:00+00:00,2026-06-26 17:00:12.792759
