tanggal,route_code,route_name,gate_in_boo,jumlah_pelanggan,total_amount,etl_run_id,etl_loaded_at
2025-07-01,1,Blok M - Kota,False,1,2000,scheduled__2026-06-25T17:00:00+00:00,2026-06-26 17:00:12.792759
2025-07-01,1,Blok M - Kota,True,2,2000,scheduled__2026-06-25T17:00:00+00:00,2026-06-26 17:00:12.792759
2025-07-01,10,Tanjung Priok - PGC,False,2,23500,scheduled__2026-06-25T17:00:00+00:00,2026-06-26 17:00:12.792759
2025-07-01,2,Pulo Gadung - Monas,True,2,55000,scheduled__2026-06-25T17:00:00+00:00,2026-06-26 17:00:12.792759
2025-07-01,2,Pulo Gadung - Monas,False,1,20000,scheduled__2026-06-25T17:00:00+00:00,2026-06-26 17:00:12.792759
2025-07-01,3,Kalideres - Monas,False,2,22000,scheduled__2026-06-25T17:00:00+00:00,2026-06-26 17:00:12.792759
2025-07-01,3,Kalideres - Monas,True,1,20000,scheduled__2026-06-25T17:00:00+00:00,2026-06-26 17:00:12.792759
2025-07-01,4,Pulo Gadung - Galunggung,True,4,43500,scheduled__2026-06-25T17:00:00+00:00,2026-06-26 17:00:12.792759
2025-07-01,4,Pulo Gadung - Galunggung,False,2,35000,scheduled__2026-06-25T17:00:00+00:00,2026-06-26 17:00:12.792759
2025-07-01,5,Kampung Melayu - Ancol,False,1,20000,scheduled__2026-06-25T17:00:00+00:00,2026-06-26 17:00:12.792759
2025-07-01,6,Ragunan - Galunggung,True,1,20000,scheduled__2026-06-25T17:00:00+00:00,2026-06-26 17:00:12.792759
2025-07-01,7,Kampung Rambutan - Kampung Melayu,True,1,20000,scheduled__2026-06-25T17:00:00+00:00,2026-06-26 17:00:12.792759
2025-07-01,8,Lebak Bulus - Pasar Baru,False,1,2000,scheduled__2026-06-25T17:00:00+00:00,2026-06-26 17:00:12.792759
2025-07-01,9,Pinang Ranti - Pluit,False,1,2000,scheduled__2026-06-25T17:00:00+00:00,2026-06-26 17:00:12.792759
2025-07-01,9,Pinang Ranti - Pluit,True,1,0,scheduled__2026-06-25T17:00:00+00:00,2026-06-26 17:00:12.792759
2025-07-01,B21,Blok M - Bundaran Senayan,False,1,35000,scheduled__2026-06-25T17:00:00+00:00,2026-06-26 17:00:12.792759
2025-07-01,C12,Cawang - Harmoni,True,2,40000,scheduled__2026-06-25T17:00:00+00:00,2026-06-26 17:00:12.792759
2025-07-01,D11,Depok - Dukuh Atas,False,3,57000,scheduled__2026-06-25T17:00:00+00:00,2026-06-26 17:00:12.792759
2025-07-01,D11,Depok - Dukuh Atas,True,1,20000,scheduled__2026-06-25T17:00:00+00:00,2026-06-26 17:00:12.792759
2025-07-01,F11,Fatmawati - GBK,True,2,20000,scheduled__2026-06-25T17:00:00+00:00,2026-06-26 17:00:12.792759
2025-07-01,F11,Fatmawati - GBK,False,1,3500,scheduled__2026-06-25T17:00:00+00:00,2026-06-26 17:00:12.792759
2025-07-01,K22,Kampung Melayu - Senen,False,1,20000,scheduled__2026-06-25T17:00:00+00:00,2026-06-26 17:00:12.792759
2025-07-01,L13,Lebak Bulus - Monas,False,2,37000,scheduled__2026-06-25T17:00:00+00:00,2026-06-26 17:00:12.792759
2025-07-01,L13,Lebak Bulus - Monas,True,5,74000,scheduled__2026-06-25T17:00:00+00:00,2026-06-26 17:00:12.792759
2025-07-01,M14,Manggarai - Blok M,False,2,35000,scheduled__2026-06-25T17:00:00+00:00,2026-06-26 17:00:12.792759
2025-07-02,1,Blok M - Kota,True,2,37000,scheduled__2026-06-25T17:00:00+00:00,2026-06-26 17:00:12.792759
2025-07-02,10,Tanjung Priok - PGC,False,1,35000,scheduled__2026-06-25T17:00:00+00:00,2026-06-26 17:00:12.792759
2025-07-02,10,Tanjung Priok - PGC,True,1,0,scheduled__2026-06-25T17:00:00+00:00,2026-06-26 17:00:12.792759
2025-07-02,11,Pulo Gebang - Kampung Melayu,True,1,20000,scheduled__2026-06-25T17:00:00+00:00,2026-06-26 17:00:12.792759
2025-07-02,11,Pulo Gebang - Kampung Melayu,False,1,3500,scheduled__2026-06-25T17:00:00+00:00,2026-06-26 17:00:12.792759
2025-07-02,12,Tanjung Priok - Pluit,True,1,0,scheduled__2026-06-25T17:00:00+00:00,2026-06-26 17:00:12.792759
2025-07-02,13,Puri Beta - Tegal Mampang,True,1,0,scheduled__2026-06-25T17:00:00+00:00,2026-06-26 17:00:12.792759
2025-07-02,2,Pulo Gadung - Monas,False,3,58500,scheduled__2026-06-25T17:00:00+00:00,2026-06-26 17:00:12.792759
2025-07-02,2,Pulo Gadung - Monas,True,2,2000,scheduled__2026-06-25T17:00:00+00:00,2026-06-26 17:00:12.792759
2025-07-02,4,Pulo Gadung - Galunggung,True,3,55000,scheduled__2026-06-25T17:00:00+00:00,2026-06-26 17:00:12.792759
2025-07-02,4,Pulo Gadung - Galunggung,False,2,37000,scheduled__2026-06-25T17:00:00+00:00,2026-06-26 17:00:12.792759
2025-07-02,5,Kampung Melayu - Ancol,False,1,35000,scheduled__2026-06-25T17:00:00+00:00,2026-06-26 17:00:12.792759
2025-07-02,5,Kampung Melayu - Ancol,True,2,3500,scheduled__2026-06-25T17:00:00+00:00,2026-06-26 17:00:12.792759
2025-07-02,6,Ragunan - Galunggung,False,1,35000,scheduled__2026-06-25T17:00:00+00:00,2026-06-26 17:00:12.792759
2025-07-02,7,Kampung Rambutan - Kampung Melayu,False,1,2000,scheduled__2026-06-25T17:00:00+00:00,2026-06-26 17:00:12.792759
2025-07-02,7,Kampung Rambutan - Kampung Melayu,True,1,0,scheduled__2026-06-25T17:00:00+00:00,2026-06-26 17:00:12.792759
2025-07-02,8,Lebak Bulus - Pasar Baru,False,2,38500,scheduled__2026-06-25T17:00:00+00:00,2026-06-26 17:00:12.792759
2025-07-02,8,Lebak Bulus - Pasar Baru,True,2,55000,scheduled__2026-06-25T17:00:00+00:00,2026-06-26 17:00:12.792759
2025-07-02,9,Pinang Ranti - Pluit,False,1,2000,scheduled__2026-06-25T17:00:00+00:00,2026-06-26 17:00:12.792759
2025-07-02,B21,Blok M - Bundaran Senayan,True,1,20000,scheduled__2026-06-25T17:00:00+00:00,2026-06-26 17:00:12.792759
2025-07-02,B21,Blok M - Bundaran Senayan,False,2,5500,scheduled__2026-06-25T17:00:00+00:00,2026-06-26 17:00:12.792759
2025-07-02,C12,Cawang - Harmoni,False,1,2000,scheduled__2026-06-25T17:00:00+00:00,2026-06-26 17:00:12.792759
2025-07-02,D11,Depok - Dukuh Atas,False,2,23500,scheduled__2026-06-25T17:00:00+00:00,2026-06-26 17:00:12.792759
2025-07-02,F11,Fatmawati - GBK,False,1,20000,scheduled__2026-06-25T17:00:00+00:00,2026-06-26 17:00:12.792759
2025-07-02,K22,Kampung Melayu - Senen,True,1,2000,scheduled__2026-06-25T17:00:00+00:00,2026-06-26 17:00:12.792759
2025-07-02,L13,Lebak Bulus - Monas,True,1,35000,scheduled__2026-06-25T17:00:00+00:00,2026-06-26 17:00:12.792759
2025-07-02,L13,Lebak Bulus - Monas,False,1,20000,scheduled__2026-06-25T17:00:00+00:00,2026-06-26 17:00:12.792759
2025-07-02,M14,Manggarai - Blok M,False,3,90000,scheduled__2026-06-25T17:00:00+00:00,2026-06-26 17:00:12.792759
2025-07-02,M14,Manggarai - Blok M,True,1,35000,scheduled__2026-06-25T17:00:00+00:00,2026-06-26 17:00:12.792759
2025-07-03,1,Blok M - Kota,True,2,37000,scheduled__2026-06-25T17:00:00+00:00,2026-06-26 17:00:12.792759
2025-07-03,1,Blok M - Kota,False,1,20000,scheduled__2026-06-25T17:00:00+00:00,2026-06-26 17:00:12.792759
2025-07-03,10,Tanjung Priok - PGC,True,1,35000,scheduled__2026-06-25T17:00:00+00:00,2026-06-26 17:00:12.792759
2025-07-03,11,Pulo Gebang - Kampung Melayu,False,1,3500,scheduled__2026-06-25T17:00:00+00:00,2026-06-26 17:00:12.792759
2025-07-03,12,Tanjung Priok - Pluit,False,1,35000,scheduled__2026-06-25T17:00:00+00:00,2026-06-26 17:00:12.792759
2025-07-03,13,Puri Beta - Tegal Mampang,True,2,0,scheduled__2026-06-25T17:00:00+00:00,2026-06-26 17:00:12.792759
2025-07-03,13,Puri Beta - Tegal Mampang,False,1,3500,scheduled__2026-06-25T17:00:00+00:00,2026-06-26 17:00:12.792759
2025-07-03,14,Jakarta International Stadium - Senen,True,1,2000,scheduled__2026-06-25T17:00:00+00:00,2026-06-26 17:00:12.792759
2025-07-03,14,Jakarta International Stadium - Senen,False,2,22000,scheduled__2026-06-25T17:00:00+00:00,2026-06-26 17:00:12.792759
2025-07-03,3,Kalideres - Monas,True,2,38500,scheduled__2026-06-25T17:00:00+00:00,2026-06-26 17:00:12.792759
2025-07-03,4,Pulo Gadung - Galunggung,True,2,23500,scheduled__2026-06-25T17:00:00+00:00,2026-06-26 17:00:12.792759
2025-07-03,4,Pulo Gadung - Galunggung,False,2,22000,scheduled__2026-06-25T17:00:00+00:00,2026-06-26 17:00:12.792759
2025-07-03,5,Kampung Melayu - Ancol,False,1,2000,scheduled__2026-06-25T17:00:00+00:00,2026-06-26 17:00:12.792759
2025-07-03,5,Kampung Melayu - Ancol,True,1,2000,scheduled__2026-06-25T17:00:00+00:00,2026-06-26 17:00:12.792759
2025-07-03,7,Kampung Rambutan - Kampung Melayu,False,1,20000,scheduled__2026-06-25T17:00:00+00:00,2026-06-26 17:00:12.792759
2025-07-03,7,Kampung Rambutan - Kampung Melayu,True,1,2000,scheduled__2026-06-25T17:00:00+00:00,2026-06-26 17:00:12.792759
2025-07-03,8,Lebak Bulus - Pasar Baru,False,1,3500,scheduled__2026-06-25T17:00:00+00:00,2026-06-26 17:00:12.792759
2025-07-03,9,Pinang Ranti - Pluit,False,5,80500,scheduled__2026-06-25T17:00:00+00:00,2026-06-26 17:00:12.792759
2025-07-03,B21,Blok M - Bundaran Senayan,False,1,35000,scheduled__2026-06-25T17:00:00+00:00,2026-06-26 17:00:12.792759
2025-07-03,B21,Blok M - Bundaran Senayan,True,2,4000,scheduled__2026-06-25T17:00:00+00:00,2026-06-26 17:00:12.792759
2025-07-03,C12,Cawang - Harmoni,False,2,3500,scheduled__2026-06-25T17:00:00+00:00,2026-06-26 17:00:12.792759
2025-07-03,C12,Cawang - Harmoni,True,4,4000,scheduled__2026-06-25T17:00:00+00:00,2026-06-26 17:00:12.792759
2025-07-03,D11,Depok - Dukuh Atas,False,1,2000,scheduled__2026-06-25T17:00:00+00:00,2026-06-26 17:00:12.792759
2025-07-03,D11,Depok - Dukuh Atas,True,3,37000,scheduled__2026-06-25T17:00:00+00:00,2026-06-26 17:00:12.792759
2025-07-03,F11,Fatmawati - GBK,False,1,35000,scheduled__2026-06-25T17:00:00+00:00,2026-06-26 17:00:12.792759
2025-07-03,M14,Manggarai - Blok M,False,1,3500,scheduled__2026-06-25T17:00:00+00:00,2026-06-26 17:00:12.792759
2025-07-04,1,Blok M - Kota,True,1,0,scheduled__2026-06-25T17:00:00+00:00,2026-06-26 17:00:12.792759
2025-07-04,1,Blok M - Kota,False,1,0,scheduled__2026-06-25T17:00:00+00:00,2026-06-26 17:00:12.792759
2025-07-04,10,Tanjung Priok - PGC,True,1,20000,scheduled__2026-06-25T17:00:00+00:00,2026-06-26 17:00:12.792759
2025-07-04,12,Tanjung Priok - Pluit,False,2,38500,scheduled__2026-06-25T17:00:00+00:00,2026-06-26 17:00:12.792759
2025-07-04,14,Jakarta International Stadium - Senen,True,1,0,scheduled__2026-06-25T17:00:00+00:00,2026-06-26 17:00:12.792759
2025-07-04,2,Pulo Gadung - Monas,False,1,35000,scheduled__2026-06-25T17:00:00+00:00,2026-06-26 17:00:12.792759
2025-07-04,2,Pulo Gadung - Monas,True,3,40500,scheduled__2026-06-25T17:00:00+00:00,2026-06-26 17:00:12.792759
2025-07-04,3,Kalideres - Monas,False,1,0,scheduled__2026-06-25T17:00:00+00:00,2026-06-26 17:00:12.792759
2025-07-04,3,Kalideres - Monas,True,2,38500,scheduled__2026-06-25T17:00:00+00:00,2026-06-26 17:00:12.792759
2025-07-04,4,Pulo Gadung - Galunggung,False,2,20000,scheduled__2026-06-25T17:00:00+00:00,2026-06-26 17:00:12.792759
2025-07-04,4,Pulo Gadung - Galunggung,True,3,40500,scheduled__2026-06-25T17:00:00+00:00,2026-06-26 17:00:12.792759
2025-07-04,5,Kampung Melayu - Ancol,True,1,3500,scheduled__2026-06-25T17:00:00+00:00,2026-06-26 17:00:12.792759
2025-07-04,6,Ragunan - Galunggung,False,2,55000,scheduled__2026-06-25T17:00:00+00:00,2026-06-26 17:00:12.792759
2025-07-04,7,Kampung Rambutan - Kampung Melayu,True,1,35000,scheduled__2026-06-25T17:00:00+00:00,2026-06-26 17:00:12.792759
2025-07-04,7,Kampung Rambutan - Kampung Melayu,False,2,55000,scheduled__2026-06-25T17:00:00+00:00,2026-06-26 17:00:12.792759
2025-07-04,9,Pinang Ranti - Pluit,True,3,25500,scheduled__2026-06-25T17:00:00+00:00,2026-06-26 17:00:12.792759
2025-07-04,9,Pinang Ranti - Pluit,False,2,37000,scheduled__2026-06-25T17:00:00+00:00,2026-06-26 17:00:12.792759
2025-07-04,B21,Blok M - Bundaran Senayan,True,2,40000,scheduled__2026-06-25T17:00:00+00:00,2026-06-26 17:00:12.792759
2025-07-04,C12,Cawang - Harmoni,False,3,73500,scheduled__2026-06-25T17:00:00+00:00,2026-06-26 17:00:12.792759
2025-07-04,F11,Fatmawati - GBK,False,1,0,scheduled__2026-06-25T17:00:00+00:00,2026-06-26 17:00:12.792759
2025-07-04,F11,Fatmawati - GBK,True,1,20000,scheduled__2026-06-25T17:00:00+00:00,2026-06-26 17:00:12.792759
2025-07-04,K22,Kampung Melayu - Senen,False,3,58500,scheduled__2026-06-25T17:00:00+00:00,2026-06-26 17:00:12.792759
2025-07-04,L13,Lebak Bulus - Monas,True,1,0,scheduled__2026-06-25T17:00:00+00:00,2026-06-26 17:00:12.792759
2025-07-04,M14,Manggarai - Blok M,True,2,40000,scheduled__2026-06-25T17:00:00+00:00,2026-06-26 17:00:12.792759
2025-07-05,1,Blok M - Kota,False,2,55000,scheduled__2026-06-25T17:00:00+00:00,2026-06-26 17:00:12.792759
2025-07-05,1,Blok M - Kota,True,3,57000,scheduled__2026-06-25T17:00:00+00:00,2026-06-26 17:00:12.792759
2025-07-05,10,Tanjung Priok - PGC,False,1,0,scheduled__2026-06-25T17:00:00+00:00,2026-06-26 17:00:12.792759
2025-07-05,12,Tanjung Priok - Pluit,True,1,0,scheduled__2026-06-25T17:00:00+00:00,2026-06-26 17:00:12.792759
2025-07-05,13,Puri Beta - Tegal Mampang,False,2,38500,scheduled__2026-06-25T17:00:00+00:00,2026-06-26 17:00:12.792759
2025-07-05,13,Puri Beta - Tegal Mampang,True,3,90000,scheduled__2026-06-25T17:00:00+00:00,2026-06-26 17:00:12.792759
2025-07-05,14,Jakarta International Stadium - Senen,True,1,35000,scheduled__2026-06-25T17:00:00+00:00,2026-06-26 17:00:12.792759
2025-07-05,2,Pulo Gadung - Monas,False,2,22000,scheduled__2026-06-25T17:00:00+00:00,2026-06-26 17:00:12.792759
2025-07-05,2,Pulo Gadung - Monas,True,1,0,scheduled__2026-06-25T17:00:00+00:00,2026-06-26 17:00:12.792759
2025-07-05,3,Kalideres - Monas,True,1,0,scheduled__2026-06-25T17:00:00+00:00,2026-06-26 17:00:12.792759
2025-07-05,3,Kalideres - Monas,False,1,0,scheduled__2026-06-25T17:00:00+00:00,2026-06-26 17:00:12.792759
2025-07-05,4,Pulo Gadung - Galunggung,False,1,35000,scheduled__2026-06-25T17:00:00+00:00,2026-06-26 17:00:12.792759
2025-07-05,4,Pulo Gadung - Galunggung,True,1,3500,scheduled__2026-06-25T17:00:00+00:00,2026-06-26 17:00:12.792759
2025-07-05,5,Kampung Melayu - Ancol,False,2,22000,scheduled__2026-06-25T17:00:00+00:00,2026-06-26 17:00:12.792759
2025-07-05,5,Kampung Melayu - Ancol,True,1,2000,scheduled__2026-06-25T17:00:00+00:00,2026-06-26 17:00:12.792759
2025-07-05,6,Ragunan - Galunggung,True,1,35000,scheduled__2026-06-25T17:00:00+00:00,2026-06-26 17:00:12.792759
2025-07-05,7,Kampung Rambutan - Kampung Melayu,False,1,3500,scheduled__2026-06-25T17:00:00+00:00,2026-06-26 17:00:12.792759
2025-07-05,9,Pinang Ranti - Pluit,True,1,20000,scheduled__2026-06-25T17:00:00+00:00,2026-06-26 17:00:12.792759
2025-07-05,9,Pinang Ranti - Pluit,False,2,5500,scheduled__2026-06-25T17:00:00+00:00,2026-06-26 17:00:12.792759
2025-07-05,B21,Blok M - Bundaran Senayan,True,1,3500,scheduled__2026-06-25T17:00:00+00:00,2026-06-26 17:00:12.792759
2025-07-05,D11,Depok - Dukuh Atas,False,2,55000,scheduled__2026-06-25T17:00:00+00:00,2026-06-26 17:00:12.792759
2025-07-05,F11,Fatmawati - GBK,False,2,20000,scheduled__2026-06-25T17:00:00+00:00,2026-06-26 17:00:12.792759
2025-07-05,F11,Fatmawati - GBK,True,1,3500,scheduled__2026-06-25T17:00:00+00:00,2026-06-26 17:00:12.792759
2025-07-05,K22,Kampung Melayu - Senen,False,2,37000,scheduled__2026-06-25T17:00:00+00:00,2026-06-26 17:00:12.792759
2025-07-05,K22,Kampung Melayu - Senen,True,1,2000,scheduled__2026-06-25T17:00:00+00:00,2026-06-26 17:00:12.792759
2025-07-05,L13,Lebak Bulus - Monas,True,2,70000,scheduled__2026-06-25T17:00:00+00:00,2026-06-26 17:00:12.792759
2025-07-05,L13,Lebak Bulus - Monas,False,2,22000,scheduled__2026-06-25T17:00:00+00:00,2026-06-26 17:00:12.792759
2025-07-06,12,Tanjung Priok - Pluit,True,1,2000,scheduled__2026-06-25T17:00:00+00:00,2026-06-26 17:00:12.792759
2025-07-06,12,Tanjung Priok - Pluit,False,2,3500,scheduled__2026-06-25T17:00:00+00:00,2026-06-26 17:00:12.792759
2025-07-06,13,Puri Beta - Tegal Mampang,False,2,35000,scheduled__2026-06-25T17:00:00+00:00,2026-06-26 17:00:12.792759
2025-07-06,13,Puri Beta - Tegal Mampang,True,4,42000,scheduled__2026-06-25T17:00:00+00:00,2026-06-26 17:00:12.792759
2025-07-06,14,Jakarta International Stadium - Senen,True,1,2000,scheduled__2026-06-25T17:00:00+00:00,2026-06-26 17:00:12.792759
2025-07-06,2,Pulo Gadung - Monas,True,1,0,scheduled__2026-06-25T17:00:00+00:00,2026-06-26 17:00:12.792759
2025-07-06,2,Pulo Gadung - Monas,False,1,20000,scheduled__2026-06-25T17:00:00+00:00,2026-06-26 17:00:12.792759
2025-07-06,3,Kalideres - Monas,True,1,0,scheduled__2026-06-25T17:00:00+00:00,2026-06-26 17:00:12.792759
2025-07-06,4,Pulo Gadung - Galunggung,True,2,5500,scheduled__2026-06-25T17:00:00+00:00,2026-06-26 17:00:12.792759
2025-07-06,5,Kampung Melayu - Ancol,True,2,55000,scheduled__2026-06-25T17:00:00+00:00,2026-06-26 17:00:12.792759
2025-07-06,5,Kampung Melayu - Ancol,False,1,35000,scheduled__2026-06-25T17:00:00+00:00,2026-06-26 17:00:12.792759
2025-07-06,7,Kampung Rambutan - Kampung Melayu,True,1,35000,scheduled__2026-06-25T17:00:00+00:00,2026-06-26 17:00:12.792759
2025-07-06,7,Kampung Rambutan - Kampung Melayu,False,1,20000,scheduled__2026-06-25T17:00:00+00:00,2026-06-26 17:00:12.792759
2025-07-06,9,Pinang Ranti - Pluit,True,1,3500,scheduled__2026-06-25T17:00:00+00:00,2026-06-26 17:00:12.792759
2025-07-06,9,Pinang Ranti - Pluit,False,1,35000,scheduled__2026-06-25T17:00:00+00:00,2026-06-26 17:00:12.792759
2025-07-06,B21,Blok M - Bundaran Senayan,True,1,3500,scheduled__2026-06-25T17:00:00+00:00,2026-06-26 17:00:12.792759
2025-07-06,B21,Blok M - Bundaran Senayan,False,1,20000,scheduled__2026-06-25T17:00:00+00:00,2026-06-26 17:00:12.792759
2025-07-06,C12,Cawang - Harmoni,True,2,35000,scheduled__2026-06-25T17:00:00+00:00,2026-06-26 17:00:12.792759
2025-07-06,D11,Depok - Dukuh Atas,True,2,23500,scheduled__2026-06-25T17:00:00+00:00,2026-06-26 17:00:12.792759
2025-07-06,K22,Kampung Melayu - Senen,False,1,0,scheduled__2026-06-25T17:00:00+00:00,2026-06-26 17:00:12.792759
2025-07-06,L13,Lebak Bulus - Monas,False,5,112000,scheduled__2026-06-25T17:00:00+00:00,2026-06-26 17:00:12.792759
2025-07-06,L13,Lebak Bulus - Monas,True,3,22000,scheduled__2026-06-25T17:00:00+00:00,2026-06-26 17:00:12.792759
2025-07-06,M14,Manggarai - Blok M,False,2,37000,scheduled__2026-06-25T17:00:00+00:00,2026-06-26 17:00:12.792759
2025-07-06,M14,Manggarai - Blok M,True,1,2000,scheduled__2026-06-25T17:00:00+00:00,2026-06-26 17:00:12.792759
2025-07-07,1,Blok M - Kota,True,1,2000,scheduled__2026-06-25T17:00:00+00:00,2026-06-26 17:00:12.792759
2025-07-07,10,Tanjung Priok - PGC,False,2,37000,scheduled__2026-06-25T17:00:00+00:00,2026-06-26 17:00:12.792759
2025-07-07,12,Tanjung Priok - Pluit,False,1,35000,scheduled__2026-06-25T17:00:00+00:00,2026-06-26 17:00:12.792759
2025-07-07,12,Tanjung Priok - Pluit,True,2,7000,scheduled__2026-06-25T17:00:00+00:00,2026-06-26 17:00:12.792759
2025-07-07,13,Puri Beta - Tegal Mampang,True,1,20000,scheduled__2026-06-25T17:00:00+00:00,2026-06-26 17:00:12.792759
2025-07-07,14,Jakarta International Stadium - Senen,False,1,35000,scheduled__2026-06-25T17:00:00+00:00,2026-06-26 17:00:12.792759
2025-07-07,2,Pulo Gadung - Monas,False,2,4000,scheduled__2026-06-25T17:00:00+00:00,2026-06-26 17:00:12.792759
2025-07-07,3,Kalideres - Monas,True,1,35000,scheduled__2026-06-25T17:00:00+00:00,2026-06-26 17:00:12.792759
2025-07-07,4,Pulo Gadung - Galunggung,True,2,38500,scheduled__2026-06-25T17:00:00+00:00,2026-06-26 17:00:12.792759
2025-07-07,4,Pulo Gadung - Galunggung,False,1,0,scheduled__2026-06-25T17:00:00+00:00,2026-06-26 17:00:12.792759
2025-07-07,5,Kampung Melayu - Ancol,False,1,20000,scheduled__2026-06-25T17:00:00+00:00,2026-06-26 17:00:12.792759
2025-07-07,7,Kampung Rambutan - Kampung Melayu,False,1,20000,scheduled__2026-06-25T17:00:00+00:00,2026-06-26 17:00:12.792759
2025-07-07,8,Lebak Bulus - Pasar Baru,False,1,0,scheduled__2026-06-25T17:00:00+00:00,2026-06-26 17:00:12.792759
2025-07-07,9,Pinang Ranti - Pluit,True,1,20000,scheduled__2026-06-25T17:00:00+00:00,2026-06-26 17:00:12.792759
2025-07-07,B21,Blok M - Bundaran Senayan,False,2,35000,scheduled__2026-06-25T17:00:00+00:00,2026-06-26 17:00:12.792759
2025-07-07,B21,Blok M - Bundaran Senayan,True,2,5500,scheduled__2026-06-25T17:00:00+00:00,2026-06-26 17:00:12.792759
2025-07-07,C12,Cawang - Harmoni,True,1,2000,scheduled__2026-06-25T17:00:00+00:00,2026-06-26 17:00:12.792759
2025-07-07,D11,Depok - Dukuh Atas,False,2,35000,scheduled__2026-06-25T17:00:00+00:00,2026-06-26 17:00:12.792759
2025-07-07,F11,Fatmawati - GBK,False,1,20000,scheduled__2026-06-25T17:00:00+00:00,2026-06-26 17:00:12.792759
2025-07-07,K22,Kampung Melayu - Senen,False,1,2000,scheduled__2026-06-25T17:00:00+00:00,2026-06-26 17:00:12.792759
2025-07-07,L13,Lebak Bulus - Monas,False,1,35000,scheduled__2026-06-25T17:00:00+00:00,2026-06-26 17:00:12.792759
2025-07-07,L13,Lebak Bulus - Monas,True,2,55000,scheduled__2026-06-25T17:00:00+00:00,2026-06-26 17:00:12.792759
2025-07-07,M14,Manggarai - Blok M,True,2,23500,scheduled__2026-06-25T17:00:00+00:00,2026-06-26 17:00:12.792759
2025-07-07,M14,Manggarai - Blok M,False,2,5500,scheduled__2026-06-25T17:00:00+00:00,2026-06-26 17:00:12.792759
2025-07-08,1,Blok M - Kota,False,1,20000,scheduled__2026-06-25T17:00:00+00:00,2026-06-26 17:00:12.792759
2025-07-08,10,Tanjung Priok - PGC,True,1,3500,scheduled__2026-06-25T17:00:00+00:00,2026-06-26 17:00:12.792759
2025-07-08,10,Tanjung Priok - PGC,False,1,20000,scheduled__2026-06-25T17:00:00+00:00,2026-06-26 17:00:12.792759
2025-07-08,11,Pulo Gebang - Kampung Melayu,False,2,35000,scheduled__2026-06-25T17:00:00+00:00,2026-06-26 17:00:12.792759
2025-07-08,12,Tanjung Priok - Pluit,False,1,20000,scheduled__2026-06-25T17:00:00+00:00,2026-06-26 17:00:12.792759
2025-07-08,12,Tanjung Priok - Pluit,True,2,40000,scheduled__2026-06-25T17:00:00+00:00,2026-06-26 17:00:12.792759
2025-07-08,13,Puri Beta - Tegal Mampang,False,1,35000,scheduled__2026-06-25T17:00:00+00:00,2026-06-26 17:00:12.792759
2025-07-08,13,Puri Beta - Tegal Mampang,True,1,20000,scheduled__2026-06-25T17:00:00+00:00,2026-06-26 17:00:12.792759
2025-07-08,3,Kalideres - Monas,False,2,3500,scheduled__2026-06-25T17:00:00+00:00,2026-06-26 17:00:12.792759
2025-07-08,3,Kalideres - Monas,True,1,20000,scheduled__2026-06-25T17:00:00+00:00,2026-06-26 17:00:12.792759
2025-07-08,4,Pulo Gadung - Galunggung,True,1,35000,scheduled__2026-06-25T17:00:00+00:00,2026-06-26 17:00:12.792759
2025-07-08,5,Kampung Melayu - Ancol,False,2,55000,scheduled__2026-06-25T17:00:00+00:00,2026-06-26 17:00:12.792759
2025-07-08,8,Lebak Bulus - Pasar Baru,True,2,5500,scheduled__2026-06-25T17:00:00+00:00,2026-06-26 17:00:12.792759
2025-07-08,8,Lebak Bulus - Pasar Baru,False,1,2000,scheduled__2026-06-25T17:00:00+00:00,2026-06-26 17:00:12.792759
2025-07-08,9,Pinang Ranti - Pluit,False,2,23500,scheduled__2026-06-25T17:00:00+00:00,2026-06-26 17:00:12.792759
2025-07-08,B21,Blok M - Bundaran Senayan,False,3,23500,scheduled__2026-06-25T17:00:00+00:00,2026-06-26 17:00:12.792759
2025-07-08,B21,Blok M - Bundaran Senayan,True,2,22000,scheduled__2026-06-25T17:00:00+00:00,2026-06-26 17:00:12.792759
2025-07-08,C12,Cawang - Harmoni,True,2,35000,scheduled__2026-06-25T17:00:00+00:00,2026-06-26 17:00:12.792759
2025-07-08,D11,Depok - Dukuh Atas,False,1,35000,scheduled__2026-06-25T17:00:00+00:00,2026-06-26 17:00:12.792759
2025-07-08,D11,Depok - Dukuh Atas,True,1,2000,scheduled__2026-06-25T17:00:00+00:00,2026-06-26 17:00:12.792759
2025-07-08,K22,Kampung Melayu - Senen,True,1,20000,scheduled__2026-06-25T17:00:00+00:00,2026-06-26 17:00:12.792759
2025-07-08,L13,Lebak Bulus - Monas,False,3,5500,scheduled__2026-06-25T17:00:00+00:00,2026-06-26 17:00:12.792759
2025-07-08,M14,Manggarai - Blok M,False,1,3500,scheduled__2026-06-25T17:00:00+00:00,2026-06-26 17:00:12.792759
2025-07-09,1,Blok M - Kota,True,4,73500,scheduled__2026-06-25T17:00:00+00:00,2026-06-26 17:00:12.792759
2025-07-09,10,Tanjung Priok - PGC,True,2,23500,scheduled__2026-06-25T17:00:00+00:00,2026-06-26 17:00:12.792759
2025-07-09,10,Tanjung Priok - PGC,False,2,55000,scheduled__2026-06-25T17:00:00+00:00,2026-06-26 17:00:12.792759
2025-07-09,11,Pulo Gebang - Kampung Melayu,True,1,35000,scheduled__2026-06-25T17:00:00+00:00,2026-06-26 17:00:12.792759
2025-07-09,13,Puri Beta - Tegal Mampang,True,2,3500,scheduled__2026-06-25T17:00:00+00:00,2026-06-26 17:00:12.792759
2025-07-09,14,Jakarta International Stadium - Senen,False,2,2000,scheduled__2026-06-25T17:00:00+00:00,2026-06-26 17:00:12.792759
2025-07-09,2,Pulo Gadung - Monas,True,1,0,scheduled__2026-06-25T17:00:00+00:00,2026-06-26 17:00:12.792759
2025-07-09,3,Kalideres - Monas,False,2,20000,scheduled__2026-06-25T17:00:00+00:00,2026-06-26 17:00:12.792759
2025-07-09,3,Kalideres - Monas,True,1,3500,scheduled__2026-06-25T17:00:00+00:00,2026-06-26 17:00:12.792759
2025-07-09,4,Pulo Gadung - Galunggung,True,1,2000,scheduled__2026-06-25T17:00:00+00:00,2026-06-26 17:00:12.792759
2025-07-09,4,Pulo Gadung - Galunggung,False,3,58500,scheduled__2026-06-25T17:00:00+00:00,2026-06-26 17:00:12.792759
2025-07-09,5,Kampung Melayu - Ancol,False,1,2000,scheduled__2026-06-25T17:00:00+00:00,2026-06-26 17:00:12.792759
2025-07-09,5,Kampung Melayu - Ancol,True,2,2000,scheduled__2026-06-25T17:00:00+00:00,2026-06-26 17:00:12.792759
2025-07-09,6,Ragunan - Galunggung,False,2,7000,scheduled__2026-06-25T17:00:00+00:00,2026-06-26 17:00:12.792759
2025-07-09,7,Kampung Rambutan - Kampung Melayu,True,1,35000,scheduled__2026-06-25T17:00:00+00:00,2026-06-26 17:00:12.792759
2025-07-09,8,Lebak Bulus - Pasar Baru,True,1,20000,scheduled__2026-06-25T17:00:00+00:00,2026-06-26 17:00:12.792759
2025-07-09,8,Lebak Bulus - Pasar Baru,False,1,20000,scheduled__2026-06-25T17:00:00+00:00,2026-06-26 17:00:12.792759
2025-07-09,9,Pinang Ranti - Pluit,False,1,20000,scheduled__2026-06-25T17:00:00+00:00,2026-06-26 17:00:12.792759
2025-07-09,B21,Blok M - Bundaran Senayan,False,3,37000,scheduled__2026-06-25T17:00:00+00:00,2026-06-26 17:00:12.792759
2025-07-09,C12,Cawang - Harmoni,False,1,35000,scheduled__2026-06-25T17:00:00+00:00,2026-06-26 17:00:12.792759
2025-07-09,C12,Cawang - Harmoni,True,2,2000,scheduled__2026-06-25T17:00:00+00:00,2026-06-26 17:00:12.792759
2025-07-09,D11,Depok - Dukuh Atas,False,6,34000,scheduled__2026-06-25T17:00:00+00:00,2026-06-26 17:00:12.792759
2025-07-09,D11,Depok - Dukuh Atas,True,2,2000,scheduled__2026-06-25T17:00:00+00:00,2026-06-26 17:00:12.792759
2025-07-09,F11,Fatmawati - GBK,True,2,37000,scheduled__2026-06-25T17:00:00+00:00,2026-06-26 17:00:12.792759
2025-07-09,F11,Fatmawati - GBK,False,1,20000,scheduled__2026-06-25T17:00:00+00:00,2026-06-26 17:00:12.792759
2025-07-09,K22,Kampung Melayu - Senen,False,1,2000,scheduled__2026-06-25T17:00:00+00:00,2026-06-26 17:00:12.792759
2025-07-09,L13,Lebak Bulus - Monas,True,1,3500,scheduled__2026-06-25T17:00:00+00:00,2026-06-26 17:00:12.792759
2025-07-09,L13,Lebak Bulus - Monas,False,2,4000,scheduled__2026-06-25T17:00:00+00:00,2026-06-26 17:00:12.792759
2025-07-09,M14,Manggarai - Blok M,True,2,40000,scheduled__2026-06-25T17:00:00+00:00,2026-06-26 17:00:12.792759
2025-07-10,1,Blok M - Kota,False,2,2000,scheduled__2026-06-25T17:00:00+00:00,2026-06-26 17:00:12.792759
2025-07-10,1,Blok M - Kota,True,1,35000,scheduled__2026-06-25T17:00:00+00:00,2026-06-26 17:00:12.792759
2025-07-10,10,Tanjung Priok - PGC,True,2,3500,scheduled__2026-06-25T17:00:00+00:00,2026-06-26 17:00:12.792759
2025-07-10,13,Puri Beta - Tegal Mampang,True,1,2000,scheduled__2026-06-25T17:00:00+00:00,2026-06-26 17:00:12.792759
2025-07-10,13,Puri Beta - Tegal Mampang,False,1,2000,scheduled__2026-06-25T17:00:00+00:00,2026-06-26 17:00:12.792759
2025-07-10,14,Jakarta International Stadium - Senen,False,1,35000,scheduled__2026-06-25T17:00:00+00:00,2026-06-26 17:00:12.792759
2025-07-10,2,Pulo Gadung - Monas,False,1,35000,scheduled__2026-06-25T17:00:00+00:00,2026-06-26 17:00:12.792759
2025-07-10,4,Pulo Gadung - Galunggung,False,1,3500,scheduled__2026-06-25T17:00:00+00:00,2026-06-26 17:00:12.792759
2025-07-10,4,Pulo Gadung - Galunggung,True,2,37000,scheduled__2026-06-25T17:00:00+00:00,2026-06-26 17:00:12.792759
2025-07-10,5,Kampung Melayu - Ancol,False,1,3500,scheduled__2026-06-25T17:00:00+00:00,2026-06-26 17:00:12.792759
2025-07-10,5,Kampung Melayu - Ancol,True,1,3500,scheduled__2026-06-25T17:00:00+00:00,2026-06-26 17:00:12.792759
2025-07-10,6,Ragunan - Galunggung,True,1,20000,scheduled__2026-06-25T17:00:00+00:00,2026-06-26 17:00:12.792759
2025-07-10,7,Kampung Rambutan - Kampung Melayu,True,2,5500,scheduled__2026-06-25T17:00:00+00:00,2026-06-26 17:00:12.792759
2025-07-10,7,Kampung Rambutan - Kampung Melayu,False,1,35000,scheduled__2026-06-25T17:00:00+00:00,2026-06-26 17:00:12.792759
2025-07-10,8,Lebak Bulus - Pasar Baru,False,2,4000,scheduled__2026-06-25T17:00:00+00:00,2026-06-26 17:00:12.792759
2025-07-10,9,Pinang Ranti - Pluit,True,2,38500,scheduled__2026-06-25T17:00:00+00:00,2026-06-26 17:00:12.792759
2025-07-10,9,Pinang Ranti - Pluit,False,2,2000,scheduled__2026-06-25T17:00:00+00:00,2026-06-26 17:00:12.792759
2025-07-10,B21,Blok M - Bundaran Senayan,False,3,75000,scheduled__2026-06-25T17:00:00+00:00,2026-06-26 17:00:12.792759
2025-07-10,C12,Cawang - Harmoni,False,1,0,scheduled__2026-06-25T17:00:00+00:00,2026-06-26 17:00:12.792759
2025-07-10,F11,Fatmawati - GBK,True,3,90000,scheduled__2026-06-25T17:00:00+00:00,2026-06-26 17:00:12.792759
2025-07-10,F11,Fatmawati - GBK,False,1,20000,scheduled__2026-06-25T17:00:00+00:00,2026-06-26 17:00:12.792759
2025-07-10,L13,Lebak Bulus - Monas,True,3,7500,scheduled__2026-06-25T17:00:00+00:00,2026-06-26 17:00:12.792759
2025-07-10,L13,Lebak Bulus - Monas,False,1,3500,scheduled__2026-06-25T17:00:00+00:00,2026-06-26 17:00:12.792759
2025-07-10,M14,Manggarai - Blok M,True,1,3500,scheduled__2026-06-25T17:00:00+00:00,2026-06-26 17:00:12.792759
2025-07-11,1,Blok M - Kota,False,1,35000,scheduled__2026-06-25T17:00:00+00:00,2026-06-26 17:00:12.792759
2025-07-11,10,Tanjung Priok - PGC,True,1,0,scheduled__2026-06-25T17:00:00+00:00,2026-06-26 17:00:12.792759
2025-07-11,10,Tanjung Priok - PGC,False,1,2000,scheduled__2026-06-25T17:00:00+00:00,2026-06-26 17:00:12.792759
2025-07-11,12,Tanjung Priok - Pluit,False,1,35000,scheduled__2026-06-25T17:00:00+00:00,2026-06-26 17:00:12.792759
2025-07-11,13,Puri Beta - Tegal Mampang,True,1,0,scheduled__2026-06-25T17:00:00+00:00,2026-06-26 17:00:12.792759
2025-07-11,14,Jakarta International Stadium - Senen,True,1,20000,scheduled__2026-06-25T17:00:00+00:00,2026-06-26 17:00:12.792759
2025-07-11,2,Pulo Gadung - Monas,False,2,5500,scheduled__2026-06-25T17:00:00+00:00,2026-06-26 17:00:12.792759
2025-07-11,2,Pulo Gadung - Monas,True,2,5500,scheduled__2026-06-25T17:00:00+00:00,2026-06-26 17:00:12.792759
2025-07-11,3,Kalideres - Monas,True,1,0,scheduled__2026-06-25T17:00:00+00:00,2026-06-26 17:00:12.792759
2025-07-11,4,Pulo Gadung - Galunggung,True,1,2000,scheduled__2026-06-25T17:00:00+00:00,2026-06-26 17:00:12.792759
2025-07-11,4,Pulo Gadung - Galunggung,False,1,3500,scheduled__2026-06-25T17:00:00+00:00,2026-06-26 17:00:12.792759
2025-07-11,5,Kampung Melayu - Ancol,True,1,2000,scheduled__2026-06-25T17:00:00+00:00,2026-06-26 17:00:12.792759
2025-07-11,7,Kampung Rambutan - Kampung Melayu,True,1,2000,scheduled__2026-06-25T17:00:00+00:00,2026-06-26 17:00:12.792759
2025-07-11,8,Lebak Bulus - Pasar Baru,False,1,20000,scheduled__2026-06-25T17:00:00+00:00,2026-06-26 17:00:12.792759
2025-07-11,8,Lebak Bulus - Pasar Baru,True,1,2000,scheduled__2026-06-25T17:00:00+00:00,2026-06-26 17:00:12.792759
2025-07-11,9,Pinang Ranti - Pluit,True,1,35000,scheduled__2026-06-25T17:00:00+00:00,2026-06-26 17:00:12.792759
2025-07-11,9,Pinang Ranti - Pluit,False,1,0,scheduled__2026-06-25T17:00:00+00:00,2026-06-26 17:00:12.792759
2025-07-11,B21,Blok M - Bundaran Senayan,False,3,38500,scheduled__2026-06-25T17:00:00+00:00,2026-06-26 17:00:12.792759
2025-07-11,B21,Blok M - Bundaran Senayan,True,1,2000,scheduled__2026-06-25T17:00:00+00:00,2026-06-26 17:00:12.792759
2025-07-11,D11,Depok - Dukuh Atas,False,2,22000,scheduled__2026-06-25T17:00:00+00:00,2026-06-26 17:00:12.792759
2025-07-11,F11,Fatmawati - GBK,False,2,23500,scheduled__2026-06-25T17:00:00+00:00,2026-06-26 17:00:12.792759
2025-07-11,F11,Fatmawati - GBK,True,1,3500,scheduled__2026-06-25T17:00:00+00:00,2026-06-26 17:00:12.792759
2025-07-11,K22,Kampung Melayu - Senen,True,3,6000,scheduled__2026-06-25T17:00:00+00:00,2026-06-26 17:00:12.792759
2025-07-11,L13,Lebak Bulus - Monas,False,3,35000,scheduled__2026-06-25T17:00:00+00:00,2026-06-26 17:00:12.792759
2025-07-11,L13,Lebak Bulus - Monas,True,1,35000,scheduled__2026-06-25T17:00:00+00:00,2026-06-26 17:00:12.792759
2025-07-11,M14,Manggarai - Blok M,True,1,20000,scheduled__2026-06-25T17:00:00+00:00,2026-06-26 17:00:12.792759
2025-07-11,M14,Manggarai - Blok M,False,1,20000,scheduled__2026-06-25T17:00:00+00:00,2026-06-26 17:00:12.792759
2025-07-12,1,Blok M - Kota,False,1,20000,scheduled__2026-06-25T17:00:00+00:00,2026-06-26 17:00:12.792759
2025-07-12,10,Tanjung Priok - PGC,True,1,3500,scheduled__2026-06-25T17:00:00+00:00,2026-06-26 17:00:12.792759
2025-07-12,11,Pulo Gebang - Kampung Melayu,True,1,3500,scheduled__2026-06-25T17:00:00+00:00,2026-06-26 17:00:12.792759
2025-07-12,13,Puri Beta - Tegal Mampang,False,1,35000,scheduled__2026-06-25T17:00:00+00:00,2026-06-26 17:00:12.792759
2025-07-12,13,Puri Beta - Tegal Mampang,True,1,35000,scheduled__2026-06-25T17:00:00+00:00,2026-06-26 17:00:12.792759
2025-07-12,14,Jakarta International Stadium - Senen,True,1,20000,scheduled__2026-06-25T17:00:00+00:00,2026-06-26 17:00:12.792759
2025-07-12,2,Pulo Gadung - Monas,False,1,20000,scheduled__2026-06-25T17:00:00+00:00,2026-06-26 17:00:12.792759
2025-07-12,2,Pulo Gadung - Monas,True,2,70000,scheduled__2026-06-25T17:00:00+00:00,2026-06-26 17:00:12.792759
2025-07-12,3,Kalideres - Monas,True,1,3500,scheduled__2026-06-25T17:00:00+00:00,2026-06-26 17:00:12.792759
2025-07-12,4,Pulo Gadung - Galunggung,False,2,4000,scheduled__2026-06-25T17:00:00+00:00,2026-06-26 17:00:12.792759
2025-07-12,5,Kampung Melayu - Ancol,True,1,2000,scheduled__2026-06-25T17:00:00+00:00,2026-06-26 17:00:12.792759
2025-07-12,5,Kampung Melayu - Ancol,False,1,35000,scheduled__2026-06-25T17:00:00+00:00,2026-06-26 17:00:12.792759
2025-07-12,6,Ragunan - Galunggung,False,1,35000,scheduled__2026-06-25T17:00:00+00:00,2026-06-26 17:00:12.792759
2025-07-12,7,Kampung Rambutan - Kampung Melayu,False,1,0,scheduled__2026-06-25T17:00:00+00:00,2026-06-26 17:00:12.792759
2025-07-12,8,Lebak Bulus - Pasar Baru,True,1,3500,scheduled__2026-06-25T17:00:00+00:00,2026-06-26 17:00:12.792759
2025-07-12,8,Lebak Bulus - Pasar Baru,False,3,40500,scheduled__2026-06-25T17:00:00+00:00,2026-06-26 17:00:12.792759
2025-07-12,9,Pinang Ranti - Pluit,False,3,5500,scheduled__2026-06-25T17:00:00+00:00,2026-06-26 17:00:12.792759
2025-07-12,9,Pinang Ranti - Pluit,True,3,25500,scheduled__2026-06-25T17:00:00+00:00,2026-06-26 17:00:12.792759
2025-07-12,B21,Blok M - Bundaran Senayan,False,2,38500,scheduled__2026-06-25T17:00:00+00:00,2026-06-26 17:00:12.792759
2025-07-12,C12,Cawang - Harmoni,True,1,20000,scheduled__2026-06-25T17:00:00+00:00,2026-06-26 17:00:12.792759
2025-07-12,D11,Depok - Dukuh Atas,False,3,72000,scheduled__2026-06-25T17:00:00+00:00,2026-06-26 17:00:12.792759
2025-07-12,D11,Depok - Dukuh Atas,True,2,55000,scheduled__2026-06-25T17:00:00+00:00,2026-06-26 17:00:12.792759
2025-07-12,F11,Fatmawati - GBK,True,1,20000,scheduled__2026-06-25T17:00:00+00:00,2026-06-26 17:00:12.792759
2025-07-12,F11,Fatmawati - GBK,False,1,3500,scheduled__2026-06-25T17:00:00+00:00,2026-06-26 17:00:12.792759
2025-07-12,K22,Kampung Melayu - Senen,True,1,20000,scheduled__2026-06-25T17:00:00+00:00,2026-06-26 17:00:12.792759
2025-07-12,L13,Lebak Bulus - Monas,False,1,0,scheduled__2026-06-25T17:00:00+00:00,2026-06-26 17:00:12.792759
2025-07-12,M14,Manggarai - Blok M,True,1,3500,scheduled__2026-06-25T17:00:00+00:00,2026-06-26 17:00:12.792759
2025-07-12,M14,Manggarai - Blok M,False,1,3500,scheduled__2026-06-25T17:00:00+00:00,2026-06-26 17:00:12.792759
2025-07-13,10,Tanjung Priok - PGC,True,4,74000,scheduled__2026-06-25T17:00:00+00:00,2026-06-26 17:00:12.792759
2025-07-13,12,Tanjung Priok - Pluit,False,1,0,scheduled__2026-06-25T17:00:00+00:00,2026-06-26 17:00:12.792759
2025-07-13,13,Puri Beta - Tegal Mampang,True,1,0,scheduled__2026-06-25T17:00:00+00:00,2026-06-26 17:00:12.792759
2025-07-13,14,Jakarta International Stadium - Senen,True,3,24000,scheduled__2026-06-25T17:00:00+00:00,2026-06-26 17:00:12.792759
2025-07-13,14,Jakarta International Stadium - Senen,False,1,35000,scheduled__2026-06-25T17:00:00+00:00,2026-06-26 17:00:12.792759
2025-07-13,2,Pulo Gadung - Monas,False,1,20000,scheduled__2026-06-25T17:00:00+00:00,2026-06-26 17:00:12.792759
2025-07-13,2,Pulo Gadung - Monas,True,1,20000,scheduled__2026-06-25T17:00:00+00:00,2026-06-26 17:00:12.792759
2025-07-13,4,Pulo Gadung - Galunggung,True,3,9000,scheduled__2026-06-25T17:00:00+00:00,2026-06-26 17:00:12.792759
2025-07-13,4,Pulo Gadung - Galunggung,False,1,35000,scheduled__2026-06-25T17:00:00+00:00,2026-06-26 17:00:12.792759
2025-07-13,7,Kampung Rambutan - Kampung Melayu,False,3,42000,scheduled__2026-06-25T17:00:00+00:00,2026-06-26 17:00:12.792759
2025-07-13,8,Lebak Bulus - Pasar Baru,False,1,3500,scheduled__2026-06-25T17:00:00+00:00,2026-06-26 17:00:12.792759
2025-07-13,B21,Blok M - Bundaran Senayan,True,2,37000,scheduled__2026-06-25T17:00:00+00:00,2026-06-26 17:00:12.792759
2025-07-13,C12,Cawang - Harmoni,False,1,2000,scheduled__2026-06-25T17:00:00+00:00,2026-06-26 17:00:12.792759
2025-07-13,C12,Cawang - Harmoni,True,1,35000,scheduled__2026-06-25T17:00:00+00:00,2026-06-26 17:00:12.792759
2025-07-13,D11,Depok - Dukuh Atas,True,1,2000,scheduled__2026-06-25T17:00:00+00:00,2026-06-26 17:00:12.792759
2025-07-13,D11,Depok - Dukuh Atas,False,1,20000,scheduled__2026-06-25T17:00:00+00:00,2026-06-26 17:00:12.792759
2025-07-13,F11,Fatmawati - GBK,True,1,2000,scheduled__2026-06-25T17:00:00+00:00,2026-06-26 17:00:12.792759
2025-07-13,F11,Fatmawati - GBK,False,2,37000,scheduled__2026-06-25T17:00:00+00:00,2026-06-26 17:00:12.792759
2025-07-13,K22,Kampung Melayu - Senen,True,2,55000,scheduled__2026-06-25T17:00:00+00:00,2026-06-26 17:00:12.792759
2025-07-13,L13,Lebak Bulus - Monas,False,1,2000,scheduled__2026-06-25T17:00:00+00:00,2026-06-26 17:00:12.792759
2025-07-13,L13,Lebak Bulus - Monas,True,1,2000,scheduled__2026-06-25T17:00:00+00:00,2026-06-26 17:00:12.792759
2025-07-13,M14,Manggarai - Blok M,False,2,7000,scheduled__2026-06-25T17:00:00+00:00,2026-06-26 17:00:12.792759
2025-07-13,M14,Manggarai - Blok M,True,4,57000,scheduled__2026-06-25T17:00:00+00:00,2026-06-26 17:00:12.792759
2025-07-14,1,Blok M - Kota,False,1,0,scheduled__2026-06-25T17:00:00+00:00,2026-06-26 17:00:12.792759
2025-07-14,13,Puri Beta - Tegal Mampang,False,2,55000,scheduled__2026-06-25T17:00:00+00:00,2026-06-26 17:00:12.792759
2025-07-14,14,Jakarta International Stadium - Senen,True,1,20000,scheduled__2026-06-25T17:00:00+00:00,2026-06-26 17:00:12.792759
2025-07-14,2,Pulo Gadung - Monas,True,1,2000,scheduled__2026-06-25T17:00:00+00:00,2026-06-26 17:00:12.792759
2025-07-14,2,Pulo Gadung - Monas,False,2,37000,scheduled__2026-06-25T17:00:00+00:00,2026-06-26 17:00:12.792759
2025-07-14,3,Kalideres - Monas,True,1,20000,scheduled__2026-06-25T17:00:00+00:00,2026-06-26 17:00:12.792759
2025-07-14,5,Kampung Melayu - Ancol,False,1,20000,scheduled__2026-06-25T17:00:00+00:00,2026-06-26 17:00:12.792759
2025-07-14,7,Kampung Rambutan - Kampung Melayu,False,2,38500,scheduled__2026-06-25T17:00:00+00:00,2026-06-26 17:00:12.792759
2025-07-14,7,Kampung Rambutan - Kampung Melayu,True,3,27000,scheduled__2026-06-25T17:00:00+00:00,2026-06-26 17:00:12.792759
2025-07-14,9,Pinang Ranti - Pluit,False,2,37000,scheduled__2026-06-25T17:00:00+00:00,2026-06-26 17:00:12.792759
2025-07-14,9,Pinang Ranti - Pluit,True,3,42000,scheduled__2026-06-25T17:00:00+00:00,2026-06-26 17:00:12.792759
2025-07-14,B21,Blok M - Bundaran Senayan,False,1,3500,scheduled__2026-06-25T17:00:00+00:00,2026-06-26 17:00:12.792759
2025-07-14,B21,Blok M - Bundaran Senayan,True,1,35000,scheduled__2026-06-25T17:00:00+00:00,2026-06-26 17:00:12.792759
2025-07-14,C12,Cawang - Harmoni,False,1,20000,scheduled__2026-06-25T17:00:00+00:00,2026-06-26 17:00:12.792759
2025-07-14,D11,Depok - Dukuh Atas,True,2,7000,scheduled__2026-06-25T17:00:00+00:00,2026-06-26 17:00:12.792759
2025-07-14,D11,Depok - Dukuh Atas,False,1,2000,scheduled__2026-06-25T17:00:00+00:00,2026-06-26 17:00:12.792759
2025-07-14,F11,Fatmawati - GBK,False,1,20000,scheduled__2026-06-25T17:00:00+00:00,2026-06-26 17:00:12.792759
2025-07-14,F11,Fatmawati - GBK,True,1,20000,scheduled__2026-06-25T17:00:00+00:00,2026-06-26 17:00:12.792759
2025-07-14,K22,Kampung Melayu - Senen,True,4,75000,scheduled__2026-06-25T17:00:00+00:00,2026-06-26 17:00:12.792759
2025-07-14,M14,Manggarai - Blok M,False,1,3500,scheduled__2026-06-25T17:00:00+00:00,2026-06-26 17:00:12.792759
2025-07-14,M14,Manggarai - Blok M,True,1,2000,scheduled__2026-06-25T17:00:00+00:00,2026-06-26 17:00:12.792759
2025-07-15,1,Blok M - Kota,True,1,35000,scheduled__2026-06-25T17:00:00+00:00,2026-06-26 17:00:12.792759
2025-07-15,1,Blok M - Kota,False,2,23500,scheduled__2026-06-25T17:00:00+00:00,2026-06-26 17:00:12.792759
2025-07-15,10,Tanjung Priok - PGC,False,2,3500,scheduled__2026-06-25T17:00:00+00:00,2026-06-26 17:00:12.792759
2025-07-15,10,Tanjung Priok - PGC,True,1,3500,scheduled__2026-06-25T17:00:00+00:00,2026-06-26 17:00:12.792759
2025-07-15,11,Pulo Gebang - Kampung Melayu,True,1,3500,scheduled__2026-06-25T17:00:00+00:00,2026-06-26 17:00:12.792759
2025-07-15,13,Puri Beta - Tegal Mampang,True,1,20000,scheduled__2026-06-25T17:00:00+00:00,2026-06-26 17:00:12.792759
2025-07-15,2,Pulo Gadung - Monas,True,1,20000,scheduled__2026-06-25T17:00:00+00:00,2026-06-26 17:00:12.792759
2025-07-15,2,Pulo Gadung - Monas,False,2,37000,scheduled__2026-06-25T17:00:00+00:00,2026-06-26 17:00:12.792759
2025-07-15,3,Kalideres - Monas,False,1,2000,scheduled__2026-06-25T17:00:00+00:00,2026-06-26 17:00:12.792759
2025-07-15,3,Kalideres - Monas,True,1,2000,scheduled__2026-06-25T17:00:00+00:00,2026-06-26 17:00:12.792759
2025-07-15,4,Pulo Gadung - Galunggung,True,1,35000,scheduled__2026-06-25T17:00:00+00:00,2026-06-26 17:00:12.792759
2025-07-15,5,Kampung Melayu - Ancol,True,1,20000,scheduled__2026-06-25T17:00:00+00:00,2026-06-26 17:00:12.792759
2025-07-15,5,Kampung Melayu - Ancol,False,1,2000,scheduled__2026-06-25T17:00:00+00:00,2026-06-26 17:00:12.792759
2025-07-15,8,Lebak Bulus - Pasar Baru,True,1,0,scheduled__2026-06-25T17:00:00+00:00,2026-06-26 17:00:12.792759
2025-07-15,9,Pinang Ranti - Pluit,False,3,39000,scheduled__2026-06-25T17:00:00+00:00,2026-06-26 17:00:12.792759
2025-07-15,B21,Blok M - Bundaran Senayan,True,1,0,scheduled__2026-06-25T17:00:00+00:00,2026-06-26 17:00:12.792759
2025-07-15,B21,Blok M - Bundaran Senayan,False,2,40000,scheduled__2026-06-25T17:00:00+00:00,2026-06-26 17:00:12.792759
2025-07-15,C12,Cawang - Harmoni,False,1,35000,scheduled__2026-06-25T17:00:00+00:00,2026-06-26 17:00:12.792759
2025-07-15,C12,Cawang - Harmoni,True,1,20000,scheduled__2026-06-25T17:00:00+00:00,2026-06-26 17:00:12.792759
2025-07-15,F11,Fatmawati - GBK,True,1,2000,scheduled__2026-06-25T17:00:00+00:00,2026-06-26 17:00:12.792759
2025-07-15,F11,Fatmawati - GBK,False,1,3500,scheduled__2026-06-25T17:00:00+00:00,2026-06-26 17:00:12.792759
2025-07-15,K22,Kampung Melayu - Senen,False,1,2000,scheduled__2026-06-25T17:00:00+00:00,2026-06-26 17:00:12.792759
2025-07-15,K22,Kampung Melayu - Senen,True,2,7000,scheduled__2026-06-25T17:00:00+00:00,2026-06-26 17:00:12.792759
2025-07-15,L13,Lebak Bulus - Monas,True,2,20000,scheduled__2026-06-25T17:00:00+00:00,2026-06-26 17:00:12.792759
2025-07-15,M14,Manggarai - Blok M,False,1,35000,scheduled__2026-06-25T17:00:00+00:00,2026-06-26 17:00:12.792759
2025-07-16,1,Blok M - Kota,True,2,23500,scheduled__2026-06-25T17:00:00+00:00,2026-06-26 17:00:12.792759
2025-07-16,1,Blok M - Kota,False,1,20000,scheduled__2026-06-25T17:00:00+00:00,2026-06-26 17:00:12.792759
2025-07-16,11,Pulo Gebang - Kampung Melayu,True,1,35000,scheduled__2026-06-25T17:00:00+00:00,2026-06-26 17:00:12.792759
2025-07-16,12,Tanjung Priok - Pluit,True,1,35000,scheduled__2026-06-25T17:00:00+00:00,2026-06-26 17:00:12.792759
2025-07-16,12,Tanjung Priok - Pluit,False,2,22000,scheduled__2026-06-25T17:00:00+00:00,2026-06-26 17:00:12.792759
2025-07-16,13,Puri Beta - Tegal Mampang,True,3,37000,scheduled__2026-06-25T17:00:00+00:00,2026-06-26 17:00:12.792759
2025-07-16,14,Jakarta International Stadium - Senen,True,1,2000,scheduled__2026-06-25T17:00:00+00:00,2026-06-26 17:00:12.792759
2025-07-16,2,Pulo Gadung - Monas,True,1,0,scheduled__2026-06-25T17:00:00+00:00,2026-06-26 17:00:12.792759
2025-07-16,2,Pulo Gadung - Monas,False,3,9000,scheduled__2026-06-25T17:00:00+00:00,2026-06-26 17:00:12.792759
2025-07-16,3,Kalideres - Monas,True,1,20000,scheduled__2026-06-25T17:00:00+00:00,2026-06-26 17:00:12.792759
2025-07-16,4,Pulo Gadung - Galunggung,True,2,38500,scheduled__2026-06-25T17:00:00+00:00,2026-06-26 17:00:12.792759
2025-07-16,4,Pulo Gadung - Galunggung,False,1,3500,scheduled__2026-06-25T17:00:00+00:00,2026-06-26 17:00:12.792759
2025-07-16,5,Kampung Melayu - Ancol,False,1,20000,scheduled__2026-06-25T17:00:00+00:00,2026-06-26 17:00:12.792759
2025-07-16,5,Kampung Melayu - Ancol,True,1,3500,scheduled__2026-06-25T17:00:00+00:00,2026-06-26 17:00:12.792759
2025-07-16,6,Ragunan - Galunggung,True,2,38500,scheduled__2026-06-25T17:00:00+00:00,2026-06-26 17:00:12.792759
2025-07-16,6,Ragunan - Galunggung,False,1,2000,scheduled__2026-06-25T17:00:00+00:00,2026-06-26 17:00:12.792759
2025-07-16,7,Kampung Rambutan - Kampung Melayu,False,3,75000,scheduled__2026-06-25T17:00:00+00:00,2026-06-26 17:00:12.792759
2025-07-16,8,Lebak Bulus - Pasar Baru,True,1,2000,scheduled__2026-06-25T17:00:00+00:00,2026-06-26 17:00:12.792759
2025-07-16,9,Pinang Ranti - Pluit,False,2,23500,scheduled__2026-06-25T17:00:00+00:00,2026-06-26 17:00:12.792759
2025-07-16,9,Pinang Ranti - Pluit,True,4,93500,scheduled__2026-06-25T17:00:00+00:00,2026-06-26 17:00:12.792759
2025-07-16,B21,Blok M - Bundaran Senayan,True,1,35000,scheduled__2026-06-25T17:00:00+00:00,2026-06-26 17:00:12.792759
2025-07-16,C12,Cawang - Harmoni,True,2,5500,scheduled__2026-06-25T17:00:00+00:00,2026-06-26 17:00:12.792759
2025-07-16,D11,Depok - Dukuh Atas,True,2,35000,scheduled__2026-06-25T17:00:00+00:00,2026-06-26 17:00:12.792759
2025-07-16,F11,Fatmawati - GBK,True,1,35000,scheduled__2026-06-25T17:00:00+00:00,2026-06-26 17:00:12.792759
2025-07-16,L13,Lebak Bulus - Monas,False,1,0,scheduled__2026-06-25T17:00:00+00:00,2026-06-26 17:00:12.792759
2025-07-16,M14,Manggarai - Blok M,True,2,38500,scheduled__2026-06-25T17:00:00+00:00,2026-06-26 17:00:12.792759
2025-07-16,M14,Manggarai - Blok M,False,1,20000,scheduled__2026-06-25T17:00:00+00:00,2026-06-26 17:00:12.792759
2025-07-17,1,Blok M - Kota,False,2,55000,scheduled__2026-06-25T17:00:00+00:00,2026-06-26 17:00:12.792759
2025-07-17,10,Tanjung Priok - PGC,False,2,20000,scheduled__2026-06-25T17:00:00+00:00,2026-06-26 17:00:12.792759
2025-07-17,11,Pulo Gebang - Kampung Melayu,False,1,20000,scheduled__2026-06-25T17:00:00+00:00,2026-06-26 17:00:12.792759
2025-07-17,12,Tanjung Priok - Pluit,False,1,3500,scheduled__2026-06-25T17:00:00+00:00,2026-06-26 17:00:12.792759
2025-07-17,13,Puri Beta - Tegal Mampang,True,2,40000,scheduled__2026-06-25T17:00:00+00:00,2026-06-26 17:00:12.792759
2025-07-17,13,Puri Beta - Tegal Mampang,False,2,70000,scheduled__2026-06-25T17:00:00+00:00,2026-06-26 17:00:12.792759
2025-07-17,14,Jakarta International Stadium - Senen,True,1,35000,scheduled__2026-06-25T17:00:00+00:00,2026-06-26 17:00:12.792759
2025-07-17,2,Pulo Gadung - Monas,True,3,57000,scheduled__2026-06-25T17:00:00+00:00,2026-06-26 17:00:12.792759
2025-07-17,2,Pulo Gadung - Monas,False,1,20000,scheduled__2026-06-25T17:00:00+00:00,2026-06-26 17:00:12.792759
2025-07-17,3,Kalideres - Monas,False,2,5500,scheduled__2026-06-25T17:00:00+00:00,2026-06-26 17:00:12.792759
2025-07-17,4,Pulo Gadung - Galunggung,True,1,0,scheduled__2026-06-25T17:00:00+00:00,2026-06-26 17:00:12.792759
2025-07-17,4,Pulo Gadung - Galunggung,False,2,55000,scheduled__2026-06-25T17:00:00+00:00,2026-06-26 17:00:12.792759
2025-07-17,5,Kampung Melayu - Ancol,True,2,35000,scheduled__2026-06-25T17:00:00+00:00,2026-06-26 17:00:12.792759
2025-07-17,7,Kampung Rambutan - Kampung Melayu,True,1,20000,scheduled__2026-06-25T17:00:00+00:00,2026-06-26 17:00:12.792759
2025-07-17,7,Kampung Rambutan - Kampung Melayu,False,1,2000,scheduled__2026-06-25T17:00:00+00:00,2026-06-26 17:00:12.792759
2025-07-17,9,Pinang Ranti - Pluit,True,4,25500,scheduled__2026-06-25T17:00:00+00:00,2026-06-26 17:00:12.792759
2025-07-17,B21,Blok M - Bundaran Senayan,False,2,23500,scheduled__2026-06-25T17:00:00+00:00,2026-06-26 17:00:12.792759
2025-07-17,C12,Cawang - Harmoni,False,1,35000,scheduled__2026-06-25T17:00:00+00:00,2026-06-26 17:00:12.792759
2025-07-17,C12,Cawang - Harmoni,True,1,2000,scheduled__2026-06-25T17:00:00+00:00,2026-06-26 17:00:12.792759
2025-07-17,D11,Depok - Dukuh Atas,True,2,0,scheduled__2026-06-25T17:00:00+00:00,2026-06-26 17:00:12.792759
2025-07-17,D11,Depok - Dukuh Atas,False,1,20000,scheduled__2026-06-25T17:00:00+00:00,2026-06-26 17:00:12.792759
2025-07-17,F11,Fatmawati - GBK,True,2,37000,scheduled__2026-06-25T17:00:00+00:00,2026-06-26 17:00:12.792759
2025-07-17,F11,Fatmawati - GBK,False,1,20000,scheduled__2026-06-25T17:00:00+00:00,2026-06-26 17:00:12.792759
2025-07-17,K22,Kampung Melayu - Senen,True,1,20000,scheduled__2026-06-25T17:00:00+00:00,2026-06-26 17:00:12.792759
2025-07-17,K22,Kampung Melayu - Senen,False,1,2000,scheduled__2026-06-25T17:00:00+00:00,2026-06-26 17:00:12.792759
2025-07-17,M14,Manggarai - Blok M,True,2,23500,scheduled__2026-06-25T17:00:00+00:00,2026-06-26 17:00:12.792759
2025-07-18,1,Blok M - Kota,True,1,0,scheduled__2026-06-25T17:00:00+00:00,2026-06-26 17:00:12.792759
2025-07-18,1,Blok M - Kota,False,2,38500,scheduled__2026-06-25T17:00:00+00:00,2026-06-26 17:00:12.792759
2025-07-18,10,Tanjung Priok - PGC,True,4,58500,scheduled__2026-06-25T17:00:00+00:00,2026-06-26 17:00:12.792759
2025-07-18,10,Tanjung Priok - PGC,False,1,3500,scheduled__2026-06-25T17:00:00+00:00,2026-06-26 17:00:12.792759
2025-07-18,11,Pulo Gebang - Kampung Melayu,True,1,2000,scheduled__2026-06-25T17:00:00+00:00,2026-06-26 17:00:12.792759
2025-07-18,2,Pulo Gadung - Monas,True,4,60500,scheduled__2026-06-25T17:00:00+00:00,2026-06-26 17:00:12.792759
2025-07-18,4,Pulo Gadung - Galunggung,True,2,4000,scheduled__2026-06-25T17:00:00+00:00,2026-06-26 17:00:12.792759
2025-07-18,4,Pulo Gadung - Galunggung,False,3,22000,scheduled__2026-06-25T17:00:00+00:00,2026-06-26 17:00:12.792759
2025-07-18,5,Kampung Melayu - Ancol,True,3,90000,scheduled__2026-06-25T17:00:00+00:00,2026-06-26 17:00:12.792759
2025-07-18,6,Ragunan - Galunggung,True,1,0,scheduled__2026-06-25T17:00:00+00:00,2026-06-26 17:00:12.792759
2025-07-18,7,Kampung Rambutan - Kampung Melayu,False,1,20000,scheduled__2026-06-25T17:00:00+00:00,2026-06-26 17:00:12.792759
2025-07-18,8,Lebak Bulus - Pasar Baru,False,1,20000,scheduled__2026-06-25T17:00:00+00:00,2026-06-26 17:00:12.792759
2025-07-18,9,Pinang Ranti - Pluit,True,1,20000,scheduled__2026-06-25T17:00:00+00:00,2026-06-26 17:00:12.792759
2025-07-18,B21,Blok M - Bundaran Senayan,True,1,20000,scheduled__2026-06-25T17:00:00+00:00,2026-06-26 17:00:12.792759
2025-07-18,B21,Blok M - Bundaran Senayan,False,2,3500,scheduled__2026-06-25T17:00:00+00:00,2026-06-26 17:00:12.792759
2025-07-18,C12,Cawang - Harmoni,False,3,25500,scheduled__2026-06-25T17:00:00+00:00,2026-06-26 17:00:12.792759
2025-07-18,F11,Fatmawati - GBK,True,3,58500,scheduled__2026-06-25T17:00:00+00:00,2026-06-26 17:00:12.792759
2025-07-18,K22,Kampung Melayu - Senen,True,1,3500,scheduled__2026-06-25T17:00:00+00:00,2026-06-26 17:00:12.792759
2025-07-18,K22,Kampung Melayu - Senen,False,1,2000,scheduled__2026-06-25T17:00:00+00:00,2026-06-26 17:00:12.792759
2025-07-18,M14,Manggarai - Blok M,False,1,35000,scheduled__2026-06-25T17:00:00+00:00,2026-06-26 17:00:12.792759
2025-07-19,1,Blok M - Kota,True,1,2000,scheduled__2026-06-25T17:00:00+00:00,2026-06-26 17:00:12.792759
2025-07-19,10,Tanjung Priok - PGC,False,1,2000,scheduled__2026-06-25T17:00:00+00:00,2026-06-26 17:00:12.792759
2025-07-19,12,Tanjung Priok - Pluit,True,1,20000,scheduled__2026-06-25T17:00:00+00:00,2026-06-26 17:00:12.792759
2025-07-19,13,Puri Beta - Tegal Mampang,True,2,38500,scheduled__2026-06-25T17:00:00+00:00,2026-06-26 17:00:12.792759
2025-07-19,13,Puri Beta - Tegal Mampang,False,1,20000,scheduled__2026-06-25T17:00:00+00:00,2026-06-26 17:00:12.792759
2025-07-19,14,Jakarta International Stadium - Senen,False,1,2000,scheduled__2026-06-25T17:00:00+00:00,2026-06-26 17:00:12.792759
2025-07-19,2,Pulo Gadung - Monas,True,1,20000,scheduled__2026-06-25T17:00:00+00:00,2026-06-26 17:00:12.792759
2025-07-19,2,Pulo Gadung - Monas,False,1,0,scheduled__2026-06-25T17:00:00+00:00,2026-06-26 17:00:12.792759
2025-07-19,3,Kalideres - Monas,False,1,20000,scheduled__2026-06-25T17:00:00+00:00,2026-06-26 17:00:12.792759
2025-07-19,4,Pulo Gadung - Galunggung,False,2,4000,scheduled__2026-06-25T17:00:00+00:00,2026-06-26 17:00:12.792759
2025-07-19,4,Pulo Gadung - Galunggung,True,1,35000,scheduled__2026-06-25T17:00:00+00:00,2026-06-26 17:00:12.792759
2025-07-19,7,Kampung Rambutan - Kampung Melayu,False,1,2000,scheduled__2026-06-25T17:00:00+00:00,2026-06-26 17:00:12.792759
2025-07-19,8,Lebak Bulus - Pasar Baru,True,2,22000,scheduled__2026-06-25T17:00:00+00:00,2026-06-26 17:00:12.792759
2025-07-19,8,Lebak Bulus - Pasar Baru,False,1,20000,scheduled__2026-06-25T17:00:00+00:00,2026-06-26 17:00:12.792759
2025-07-19,9,Pinang Ranti - Pluit,False,5,76000,scheduled__2026-06-25T17:00:00+00:00,2026-06-26 17:00:12.792759
2025-07-19,9,Pinang Ranti - Pluit,True,4,27500,scheduled__2026-06-25T17:00:00+00:00,2026-06-26 17:00:12.792759
2025-07-19,B21,Blok M - Bundaran Senayan,False,2,70000,scheduled__2026-06-25T17:00:00+00:00,2026-06-26 17:00:12.792759
2025-07-19,C12,Cawang - Harmoni,False,2,22000,scheduled__2026-06-25T17:00:00+00:00,2026-06-26 17:00:12.792759
2025-07-19,C12,Cawang - Harmoni,True,2,37000,scheduled__2026-06-25T17:00:00+00:00,2026-06-26 17:00:12.792759
2025-07-19,K22,Kampung Melayu - Senen,False,1,0,scheduled__2026-06-25T17:00:00+00:00,2026-06-26 17:00:12.792759
2025-07-19,L13,Lebak Bulus - Monas,True,1,0,scheduled__2026-06-25T17:00:00+00:00,2026-06-26 17:00:12.792759
2025-07-19,M14,Manggarai - Blok M,True,1,2000,scheduled__2026-06-25T17:00:00+00:00,2026-06-26 17:00:12.792759
2025-07-19,M14,Manggarai - Blok M,False,3,2000,scheduled__2026-06-25T17:00:00+00:00,2026-06-26 17:00:12.792759
2025-07-20,1,Blok M - Kota,False,1,35000,scheduled__2026-06-25T17:00:00+00:00,2026-06-26 17:00:12.792759
2025-07-20,10,Tanjung Priok - PGC,False,2,5500,scheduled__2026-06-25T17:00:00+00:00,2026-06-26 17:00:12.792759
2025-07-20,11,Pulo Gebang - Kampung Melayu,True,1,35000,scheduled__2026-06-25T17:00:00+00:00,2026-06-26 17:00:12.792759
2025-07-20,12,Tanjung Priok - Pluit,True,2,55000,scheduled__2026-06-25T17:00:00+00:00,2026-06-26 17:00:12.792759
2025-07-20,13,Puri Beta - Tegal Mampang,True,2,40000,scheduled__2026-06-25T17:00:00+00:00,2026-06-26 17:00:12.792759
2025-07-20,14,Jakarta International Stadium - Senen,False,1,0,scheduled__2026-06-25T17:00:00+00:00,2026-06-26 17:00:12.792759
2025-07-20,2,Pulo Gadung - Monas,True,4,55000,scheduled__2026-06-25T17:00:00+00:00,2026-06-26 17:00:12.792759
2025-07-20,2,Pulo Gadung - Monas,False,1,20000,scheduled__2026-06-25T17:00:00+00:00,2026-06-26 17:00:12.792759
2025-07-20,3,Kalideres - Monas,False,1,20000,scheduled__2026-06-25T17:00:00+00:00,2026-06-26 17:00:12.792759
2025-07-20,3,Kalideres - Monas,True,2,2000,scheduled__2026-06-25T17:00:00+00:00,2026-06-26 17:00:12.792759
2025-07-20,4,Pulo Gadung - Galunggung,False,1,0,scheduled__2026-06-25T17:00:00+00:00,2026-06-26 17:00:12.792759
2025-07-20,5,Kampung Melayu - Ancol,False,1,20000,scheduled__2026-06-25T17:00:00+00:00,2026-06-26 17:00:12.792759
2025-07-20,6,Ragunan - Galunggung,False,1,2000,scheduled__2026-06-25T17:00:00+00:00,2026-06-26 17:00:12.792759
2025-07-20,7,Kampung Rambutan - Kampung Melayu,False,1,2000,scheduled__2026-06-25T17:00:00+00:00,2026-06-26 17:00:12.792759
2025-07-20,7,Kampung Rambutan - Kampung Melayu,True,1,2000,scheduled__2026-06-25T17:00:00+00:00,2026-06-26 17:00:12.792759
2025-07-20,8,Lebak Bulus - Pasar Baru,False,2,5500,scheduled__2026-06-25T17:00:00+00:00,2026-06-26 17:00:12.792759
2025-07-20,9,Pinang Ranti - Pluit,False,2,37000,scheduled__2026-06-25T17:00:00+00:00,2026-06-26 17:00:12.792759
2025-07-20,9,Pinang Ranti - Pluit,True,1,35000,scheduled__2026-06-25T17:00:00+00:00,2026-06-26 17:00:12.792759
2025-07-20,B21,Blok M - Bundaran Senayan,False,1,20000,scheduled__2026-06-25T17:00:00+00:00,2026-06-26 17:00:12.792759
2025-07-20,C12,Cawang - Harmoni,True,2,4000,scheduled__2026-06-25T17:00:00+00:00,2026-06-26 17:00:12.792759
2025-07-20,C12,Cawang - Harmoni,False,1,2000,scheduled__2026-06-25T17:00:00+00:00,2026-06-26 17:00:12.792759
2025-07-20,D11,Depok - Dukuh Atas,True,3,25500,scheduled__2026-06-25T17:00:00+00:00,2026-06-26 17:00:12.792759
2025-07-20,D11,Depok - Dukuh Atas,False,3,40500,scheduled__2026-06-25T17:00:00+00:00,2026-06-26 17:00:12.792759
2025-07-20,F11,Fatmawati - GBK,True,3,27000,scheduled__2026-06-25T17:00:00+00:00,2026-06-26 17:00:12.792759
2025-07-20,F11,Fatmawati - GBK,False,1,20000,scheduled__2026-06-25T17:00:00+00:00,2026-06-26 17:00:12.792759
2025-07-20,K22,Kampung Melayu - Senen,False,3,57000,scheduled__2026-06-25T17:00:00+00:00,2026-06-26 17:00:12.792759
2025-07-20,M14,Manggarai - Blok M,False,1,2000,scheduled__2026-06-25T17:00:00+00:00,2026-06-26 17:00:12.792759
2025-07-20,M14,Manggarai - Blok M,True,2,37000,scheduled__2026-06-25T17:00:00+00:00,2026-06-26 17:00:12.792759
2025-07-21,1,Blok M - Kota,True,1,20000,scheduled__2026-06-25T17:00:00+00:00,2026-06-26 17:00:12.792759
2025-07-21,1,Blok M - Kota,False,1,3500,scheduled__2026-06-25T17:00:00+00:00,2026-06-26 17:00:12.792759
2025-07-21,10,Tanjung Priok - PGC,False,1,0,scheduled__2026-06-25T17:00:00+00:00,2026-06-26 17:00:12.792759
2025-07-21,12,Tanjung Priok - Pluit,True,2,38500,scheduled__2026-06-25T17:00:00+00:00,2026-06-26 17:00:12.792759
2025-07-21,13,Puri Beta - Tegal Mampang,True,1,3500,scheduled__2026-06-25T17:00:00+00:00,2026-06-26 17:00:12.792759
2025-07-21,14,Jakarta International Stadium - Senen,True,1,3500,scheduled__2026-06-25T17:00:00+00:00,2026-06-26 17:00:12.792759
2025-07-21,2,Pulo Gadung - Monas,False,4,60500,scheduled__2026-06-25T17:00:00+00:00,2026-06-26 17:00:12.792759
2025-07-21,2,Pulo Gadung - Monas,True,2,55000,scheduled__2026-06-25T17:00:00+00:00,2026-06-26 17:00:12.792759
2025-07-21,3,Kalideres - Monas,False,1,20000,scheduled__2026-06-25T17:00:00+00:00,2026-06-26 17:00:12.792759
2025-07-21,5,Kampung Melayu - Ancol,False,1,35000,scheduled__2026-06-25T17:00:00+00:00,2026-06-26 17:00:12.792759
2025-07-21,6,Ragunan - Galunggung,False,1,0,scheduled__2026-06-25T17:00:00+00:00,2026-06-26 17:00:12.792759
2025-07-21,7,Kampung Rambutan - Kampung Melayu,False,1,0,scheduled__2026-06-25T17:00:00+00:00,2026-06-26 17:00:12.792759
2025-07-21,9,Pinang Ranti - Pluit,True,1,20000,scheduled__2026-06-25T17:00:00+00:00,2026-06-26 17:00:12.792759
2025-07-21,B21,Blok M - Bundaran Senayan,True,1,20000,scheduled__2026-06-25T17:00:00+00:00,2026-06-26 17:00:12.792759
2025-07-21,C12,Cawang - Harmoni,True,2,37000,scheduled__2026-06-25T17:00:00+00:00,2026-06-26 17:00:12.792759
2025-07-21,C12,Cawang - Harmoni,False,3,72000,scheduled__2026-06-25T17:00:00+00:00,2026-06-26 17:00:12.792759
2025-07-21,D11,Depok - Dukuh Atas,False,2,20000,scheduled__2026-06-25T17:00:00+00:00,2026-06-26 17:00:12.792759
2025-07-21,D11,Depok - Dukuh Atas,True,1,0,scheduled__2026-06-25T17:00:00+00:00,2026-06-26 17:00:12.792759
2025-07-21,F11,Fatmawati - GBK,False,3,43500,scheduled__2026-06-25T17:00:00+00:00,2026-06-26 17:00:12.792759
2025-07-21,K22,Kampung Melayu - Senen,True,1,2000,scheduled__2026-06-25T17:00:00+00:00,2026-06-26 17:00:12.792759
2025-07-21,K22,Kampung Melayu - Senen,False,2,40000,scheduled__2026-06-25T17:00:00+00:00,2026-06-26 17:00:12.792759
2025-07-21,L13,Lebak Bulus - Monas,True,1,0,scheduled__2026-06-25T17:00:00+00:00,2026-06-26 17:00:12.792759
2025-07-21,L13,Lebak Bulus - Monas,False,1,35000,scheduled__2026-06-25T17:00:00+00:00,2026-06-26 17:00:12.792759
2025-07-21,M14,Manggarai - Blok M,False,1,35000,scheduled__2026-06-25T17:00:00+00:00,2026-06-26 17:00:12.792759
2025-07-21,M14,Manggarai - Blok M,True,2,4000,scheduled__2026-06-25T17:00:00+00:00,2026-06-26 17:00:12.792759
2025-07-22,1,Blok M - Kota,False,2,70000,scheduled__2026-06-25T17:00:00+00:00,2026-06-26 17:00:12.792759
2025-07-22,1,Blok M - Kota,True,1,0,scheduled__2026-06-25T17:00:00+00:00,2026-06-26 17:00:12.792759
2025-07-22,12,Tanjung Priok - Pluit,False,1,35000,scheduled__2026-06-25T17:00:00+00:00,2026-06-26 17:00:12.792759
2025-07-22,13,Puri Beta - Tegal Mampang,True,2,38500,scheduled__2026-06-25T17:00:00+00:00,2026-06-26 17:00:12.792759
2025-07-22,13,Puri Beta - Tegal Mampang,False,1,2000,scheduled__2026-06-25T17:00:00+00:00,2026-06-26 17:00:12.792759
2025-07-22,14,Jakarta International Stadium - Senen,False,1,3500,scheduled__2026-06-25T17:00:00+00:00,2026-06-26 17:00:12.792759
2025-07-22,3,Kalideres - Monas,True,1,2000,scheduled__2026-06-25T17:00:00+00:00,2026-06-26 17:00:12.792759
2025-07-22,4,Pulo Gadung - Galunggung,False,3,40500,scheduled__2026-06-25T17:00:00+00:00,2026-06-26 17:00:12.792759
2025-07-22,5,Kampung Melayu - Ancol,False,2,5500,scheduled__2026-06-25T17:00:00+00:00,2026-06-26 17:00:12.792759
2025-07-22,6,Ragunan - Galunggung,True,1,20000,scheduled__2026-06-25T17:00:00+00:00,2026-06-26 17:00:12.792759
2025-07-22,7,Kampung Rambutan - Kampung Melayu,False,1,3500,scheduled__2026-06-25T17:00:00+00:00,2026-06-26 17:00:12.792759
2025-07-22,8,Lebak Bulus - Pasar Baru,False,4,58500,scheduled__2026-06-25T17:00:00+00:00,2026-06-26 17:00:12.792759
2025-07-22,9,Pinang Ranti - Pluit,False,2,37000,scheduled__2026-06-25T17:00:00+00:00,2026-06-26 17:00:12.792759
2025-07-22,B21,Blok M - Bundaran Senayan,False,1,0,scheduled__2026-06-25T17:00:00+00:00,2026-06-26 17:00:12.792759
2025-07-22,B21,Blok M - Bundaran Senayan,True,1,35000,scheduled__2026-06-25T17:00:00+00:00,2026-06-26 17:00:12.792759
2025-07-22,C12,Cawang - Harmoni,True,2,55000,scheduled__2026-06-25T17:00:00+00:00,2026-06-26 17:00:12.792759
2025-07-22,D11,Depok - Dukuh Atas,True,1,35000,scheduled__2026-06-25T17:00:00+00:00,2026-06-26 17:00:12.792759
2025-07-22,F11,Fatmawati - GBK,False,1,20000,scheduled__2026-06-25T17:00:00+00:00,2026-06-26 17:00:12.792759
2025-07-22,F11,Fatmawati - GBK,True,1,3500,scheduled__2026-06-25T17:00:00+00:00,2026-06-26 17:00:12.792759
2025-07-22,L13,Lebak Bulus - Monas,True,1,2000,scheduled__2026-06-25T17:00:00+00:00,2026-06-26 17:00:12.792759
2025-07-22,L13,Lebak Bulus - Monas,False,1,20000,scheduled__2026-06-25T17:00:00+00:00,2026-06-26 17:00:12.792759
2025-07-22,M14,Manggarai - Blok M,False,1,2000,scheduled__2026-06-25T17:00:00+00:00,2026-06-26 17:00:12.792759
2025-07-22,M14,Manggarai - Blok M,True,1,2000,scheduled__2026-06-25T17:00:00+00:00,2026-06-26 17:00:12.792759
2025-07-23,1,Blok M - Kota,False,1,3500,scheduled__2026-06-25T17:00:00+00:00,2026-06-26 17:00:12.792759
2025-07-23,1,Blok M - Kota,True,1,3500,scheduled__2026-06-25T17:00:00+00:00,2026-06-26 17:00:12.792759
2025-07-23,10,Tanjung Priok - PGC,True,1,3500,scheduled__2026-06-25T17:00:00+00:00,2026-06-26 17:00:12.792759
2025-07-23,10,Tanjung Priok - PGC,False,2,22000,scheduled__2026-06-25T17:00:00+00:00,2026-06-26 17:00:12.792759
2025-07-23,12,Tanjung Priok - Pluit,False,2,23500,scheduled__2026-06-25T17:00:00+00:00,2026-06-26 17:00:12.792759
2025-07-23,13,Puri Beta - Tegal Mampang,True,1,3500,scheduled__2026-06-25T17:00:00+00:00,2026-06-26 17:00:12.792759
2025-07-23,13,Puri Beta - Tegal Mampang,False,2,20000,scheduled__2026-06-25T17:00:00+00:00,2026-06-26 17:00:12.792759
2025-07-23,14,Jakarta International Stadium - Senen,False,1,35000,scheduled__2026-06-25T17:00:00+00:00,2026-06-26 17:00:12.792759
2025-07-23,2,Pulo Gadung - Monas,False,1,20000,scheduled__2026-06-25T17:00:00+00:00,2026-06-26 17:00:12.792759
2025-07-23,3,Kalideres - Monas,True,1,20000,scheduled__2026-06-25T17:00:00+00:00,2026-06-26 17:00:12.792759
2025-07-23,4,Pulo Gadung - Galunggung,False,2,5500,scheduled__2026-06-25T17:00:00+00:00,2026-06-26 17:00:12.792759
2025-07-23,4,Pulo Gadung - Galunggung,True,2,22000,scheduled__2026-06-25T17:00:00+00:00,2026-06-26 17:00:12.792759
2025-07-23,5,Kampung Melayu - Ancol,False,1,3500,scheduled__2026-06-25T17:00:00+00:00,2026-06-26 17:00:12.792759
2025-07-23,5,Kampung Melayu - Ancol,True,2,4000,scheduled__2026-06-25T17:00:00+00:00,2026-06-26 17:00:12.792759
2025-07-23,7,Kampung Rambutan - Kampung Melayu,True,2,38500,scheduled__2026-06-25T17:00:00+00:00,2026-06-26 17:00:12.792759
2025-07-23,8,Lebak Bulus - Pasar Baru,False,2,22000,scheduled__2026-06-25T17:00:00+00:00,2026-06-26 17:00:12.792759
2025-07-23,9,Pinang Ranti - Pluit,False,2,37000,scheduled__2026-06-25T17:00:00+00:00,2026-06-26 17:00:12.792759
2025-07-23,9,Pinang Ranti - Pluit,True,2,2000,scheduled__2026-06-25T17:00:00+00:00,2026-06-26 17:00:12.792759
2025-07-23,B21,Blok M - Bundaran Senayan,True,1,3500,scheduled__2026-06-25T17:00:00+00:00,2026-06-26 17:00:12.792759
2025-07-23,C12,Cawang - Harmoni,True,1,20000,scheduled__2026-06-25T17:00:00+00:00,2026-06-26 17:00:12.792759
2025-07-23,C12,Cawang - Harmoni,False,1,3500,scheduled__2026-06-25T17:00:00+00:00,2026-06-26 17:00:12.792759
2025-07-23,F11,Fatmawati - GBK,True,1,35000,scheduled__2026-06-25T17:00:00+00:00,2026-06-26 17:00:12.792759
2025-07-23,F11,Fatmawati - GBK,False,1,20000,scheduled__2026-06-25T17:00:00+00:00,2026-06-26 17:00:12.792759
2025-07-23,K22,Kampung Melayu - Senen,False,1,35000,scheduled__2026-06-25T17:00:00+00:00,2026-06-26 17:00:12.792759
2025-07-23,K22,Kampung Melayu - Senen,True,2,23500,scheduled__2026-06-25T17:00:00+00:00,2026-06-26 17:00:12.792759
2025-07-23,L13,Lebak Bulus - Monas,False,2,23500,scheduled__2026-06-25T17:00:00+00:00,2026-06-26 17:00:12.792759
2025-07-23,L13,Lebak Bulus - Monas,True,2,38500,scheduled__2026-06-25T17:00:00+00:00,2026-06-26 17:00:12.792759
2025-07-24,1,Blok M - Kota,True,1,3500,scheduled__2026-06-25T17:00:00+00:00,2026-06-26 17:00:12.792759
2025-07-24,11,Pulo Gebang - Kampung Melayu,True,1,20000,scheduled__2026-06-25T17:00:00+00:00,2026-06-26 17:00:12.792759
2025-07-24,14,Jakarta International Stadium - Senen,False,1,3500,scheduled__2026-06-25T17:00:00+00:00,2026-06-26 17:00:12.792759
2025-07-24,2,Pulo Gadung - Monas,False,2,5500,scheduled__2026-06-25T17:00:00+00:00,2026-06-26 17:00:12.792759
2025-07-24,2,Pulo Gadung - Monas,True,2,4000,scheduled__2026-06-25T17:00:00+00:00,2026-06-26 17:00:12.792759
2025-07-24,3,Kalideres - Monas,False,1,3500,scheduled__2026-06-25T17:00:00+00:00,2026-06-26 17:00:12.792759
2025-07-24,4,Pulo Gadung - Galunggung,False,2,23500,scheduled__2026-06-25T17:00:00+00:00,2026-06-26 17:00:12.792759
2025-07-24,4,Pulo Gadung - Galunggung,True,2,5500,scheduled__2026-06-25T17:00:00+00:00,2026-06-26 17:00:12.792759
2025-07-24,5,Kampung Melayu - Ancol,False,1,0,scheduled__2026-06-25T17:00:00+00:00,2026-06-26 17:00:12.792759
2025-07-24,5,Kampung Melayu - Ancol,True,3,38500,scheduled__2026-06-25T17:00:00+00:00,2026-06-26 17:00:12.792759
2025-07-24,6,Ragunan - Galunggung,False,1,2000,scheduled__2026-06-25T17:00:00+00:00,2026-06-26 17:00:12.792759
2025-07-24,8,Lebak Bulus - Pasar Baru,True,1,3500,scheduled__2026-06-25T17:00:00+00:00,2026-06-26 17:00:12.792759
2025-07-24,9,Pinang Ranti - Pluit,True,1,0,scheduled__2026-06-25T17:00:00+00:00,2026-06-26 17:00:12.792759
2025-07-24,9,Pinang Ranti - Pluit,False,3,9000,scheduled__2026-06-25T17:00:00+00:00,2026-06-26 17:00:12.792759
2025-07-24,B21,Blok M - Bundaran Senayan,False,2,4000,scheduled__2026-06-25T17:00:00+00:00,2026-06-26 17:00:12.792759
2025-07-24,B21,Blok M - Bundaran Senayan,True,3,25500,scheduled__2026-06-25T17:00:00+00:00,2026-06-26 17:00:12.792759
2025-07-24,C12,Cawang - Harmoni,False,1,3500,scheduled__2026-06-25T17:00:00+00:00,2026-06-26 17:00:12.792759
2025-07-24,C12,Cawang - Harmoni,True,2,55000,scheduled__2026-06-25T17:00:00+00:00,2026-06-26 17:00:12.792759
2025-07-24,D11,Depok - Dukuh Atas,True,2,20000,scheduled__2026-06-25T17:00:00+00:00,2026-06-26 17:00:12.792759
2025-07-24,F11,Fatmawati - GBK,True,2,20000,scheduled__2026-06-25T17:00:00+00:00,2026-06-26 17:00:12.792759
2025-07-24,K22,Kampung Melayu - Senen,True,1,35000,scheduled__2026-06-25T17:00:00+00:00,2026-06-26 17:00:12.792759
2025-07-24,L13,Lebak Bulus - Monas,True,2,38500,scheduled__2026-06-25T17:00:00+00:00,2026-06-26 17:00:12.792759
2025-07-24,M14,Manggarai - Blok M,True,2,7000,scheduled__2026-06-25T17:00:00+00:00,2026-06-26 17:00:12.792759
2025-07-24,M14,Manggarai - Blok M,False,3,58500,scheduled__2026-06-25T17:00:00+00:00,2026-06-26 17:00:12.792759
2025-07-25,1,Blok M - Kota,True,2,40000,scheduled__2026-06-25T17:00:00+00:00,2026-06-26 17:00:12.792759
2025-07-25,1,Blok M - Kota,False,1,3500,scheduled__2026-06-25T17:00:00+00:00,2026-06-26 17:00:12.792759
2025-07-25,10,Tanjung Priok - PGC,True,2,55000,scheduled__2026-06-25T17:00:00+00:00,2026-06-26 17:00:12.792759
2025-07-25,10,Tanjung Priok - PGC,False,1,2000,scheduled__2026-06-25T17:00:00+00:00,2026-06-26 17:00:12.792759
2025-07-25,12,Tanjung Priok - Pluit,False,1,2000,scheduled__2026-06-25T17:00:00+00:00,2026-06-26 17:00:12.792759
2025-07-25,13,Puri Beta - Tegal Mampang,True,1,3500,scheduled__2026-06-25T17:00:00+00:00,2026-06-26 17:00:12.792759
2025-07-25,13,Puri Beta - Tegal Mampang,False,2,2000,scheduled__2026-06-25T17:00:00+00:00,2026-06-26 17:00:12.792759
2025-07-25,14,Jakarta International Stadium - Senen,True,2,3500,scheduled__2026-06-25T17:00:00+00:00,2026-06-26 17:00:12.792759
2025-07-25,3,Kalideres - Monas,True,1,2000,scheduled__2026-06-25T17:00:00+00:00,2026-06-26 17:00:12.792759
2025-07-25,4,Pulo Gadung - Galunggung,False,1,20000,scheduled__2026-06-25T17:00:00+00:00,2026-06-26 17:00:12.792759
2025-07-25,4,Pulo Gadung - Galunggung,True,1,20000,scheduled__2026-06-25T17:00:00+00:00,2026-06-26 17:00:12.792759
2025-07-25,5,Kampung Melayu - Ancol,False,1,2000,scheduled__2026-06-25T17:00:00+00:00,2026-06-26 17:00:12.792759
2025-07-25,5,Kampung Melayu - Ancol,True,3,57000,scheduled__2026-06-25T17:00:00+00:00,2026-06-26 17:00:12.792759
2025-07-25,8,Lebak Bulus - Pasar Baru,False,1,3500,scheduled__2026-06-25T17:00:00+00:00,2026-06-26 17:00:12.792759
2025-07-25,9,Pinang Ranti - Pluit,False,1,3500,scheduled__2026-06-25T17:00:00+00:00,2026-06-26 17:00:12.792759
2025-07-25,9,Pinang Ranti - Pluit,True,2,23500,scheduled__2026-06-25T17:00:00+00:00,2026-06-26 17:00:12.792759
2025-07-25,B21,Blok M - Bundaran Senayan,False,3,3500,scheduled__2026-06-25T17:00:00+00:00,2026-06-26 17:00:12.792759
2025-07-25,C12,Cawang - Harmoni,False,1,20000,scheduled__2026-06-25T17:00:00+00:00,2026-06-26 17:00:12.792759
2025-07-25,C12,Cawang - Harmoni,True,2,22000,scheduled__2026-06-25T17:00:00+00:00,2026-06-26 17:00:12.792759
2025-07-25,D11,Depok - Dukuh Atas,False,1,35000,scheduled__2026-06-25T17:00:00+00:00,2026-06-26 17:00:12.792759
2025-07-25,D11,Depok - Dukuh Atas,True,1,2000,scheduled__2026-06-25T17:00:00+00:00,2026-06-26 17:00:12.792759
2025-07-25,F11,Fatmawati - GBK,False,4,37000,scheduled__2026-06-25T17:00:00+00:00,2026-06-26 17:00:12.792759
2025-07-25,K22,Kampung Melayu - Senen,False,2,40000,scheduled__2026-06-25T17:00:00+00:00,2026-06-26 17:00:12.792759
2025-07-25,K22,Kampung Melayu - Senen,True,2,22000,scheduled__2026-06-25T17:00:00+00:00,2026-06-26 17:00:12.792759
2025-07-25,L13,Lebak Bulus - Monas,True,1,3500,scheduled__2026-06-25T17:00:00+00:00,2026-06-26 17:00:12.792759
2025-07-25,M14,Manggarai - Blok M,True,2,20000,scheduled__2026-06-25T17:00:00+00:00,2026-06-26 17:00:12.792759
2025-07-25,M14,Manggarai - Blok M,False,1,0,scheduled__2026-06-25T17:00:00+00:00,2026-06-26 17:00:12.792759
2025-07-26,1,Blok M - Kota,True,3,27000,scheduled__2026-06-25T17:00:00+00:00,2026-06-26 17:00:12.792759
2025-07-26,1,Blok M - Kota,False,2,2000,scheduled__2026-06-25T17:00:00+00:00,2026-06-26 17:00:12.792759
2025-07-26,10,Tanjung Priok - PGC,True,2,37000,scheduled__2026-06-25T17:00:00+00:00,2026-06-26 17:00:12.792759
2025-07-26,11,Pulo Gebang - Kampung Melayu,False,2,4000,scheduled__2026-06-25T17:00:00+00:00,2026-06-26 17:00:12.792759
2025-07-26,13,Puri Beta - Tegal Mampang,True,2,5500,scheduled__2026-06-25T17:00:00+00:00,2026-06-26 17:00:12.792759
2025-07-26,13,Puri Beta - Tegal Mampang,False,1,20000,scheduled__2026-06-25T17:00:00+00:00,2026-06-26 17:00:12.792759
2025-07-26,14,Jakarta International Stadium - Senen,True,1,0,scheduled__2026-06-25T17:00:00+00:00,2026-06-26 17:00:12.792759
2025-07-26,14,Jakarta International Stadium - Senen,False,2,23500,scheduled__2026-06-25T17:00:00+00:00,2026-06-26 17:00:12.792759
2025-07-26,2,Pulo Gadung - Monas,True,1,2000,scheduled__2026-06-25T17:00:00+00:00,2026-06-26 17:00:12.792759
2025-07-26,2,Pulo Gadung - Monas,False,6,64500,scheduled__2026-06-25T17:00:00+00:00,2026-06-26 17:00:12.792759
2025-07-26,3,Kalideres - Monas,True,2,22000,scheduled__2026-06-25T17:00:00+00:00,2026-06-26 17:00:12.792759
2025-07-26,4,Pulo Gadung - Galunggung,True,2,70000,scheduled__2026-06-25T17:00:00+00:00,2026-06-26 17:00:12.792759
2025-07-26,5,Kampung Melayu - Ancol,False,1,3500,scheduled__2026-06-25T17:00:00+00:00,2026-06-26 17:00:12.792759
2025-07-26,5,Kampung Melayu - Ancol,True,1,20000,scheduled__2026-06-25T17:00:00+00:00,2026-06-26 17:00:12.792759
2025-07-26,6,Ragunan - Galunggung,False,2,7000,scheduled__2026-06-25T17:00:00+00:00,2026-06-26 17:00:12.792759
2025-07-26,7,Kampung Rambutan - Kampung Melayu,False,1,3500,scheduled__2026-06-25T17:00:00+00:00,2026-06-26 17:00:12.792759
2025-07-26,7,Kampung Rambutan - Kampung Melayu,True,1,2000,scheduled__2026-06-25T17:00:00+00:00,2026-06-26 17:00:12.792759
2025-07-26,8,Lebak Bulus - Pasar Baru,False,2,55000,scheduled__2026-06-25T17:00:00+00:00,2026-06-26 17:00:12.792759
2025-07-26,B21,Blok M - Bundaran Senayan,False,2,38500,scheduled__2026-06-25T17:00:00+00:00,2026-06-26 17:00:12.792759
2025-07-26,C12,Cawang - Harmoni,False,3,75000,scheduled__2026-06-25T17:00:00+00:00,2026-06-26 17:00:12.792759
2025-07-26,C12,Cawang - Harmoni,True,1,35000,scheduled__2026-06-25T17:00:00+00:00,2026-06-26 17:00:12.792759
2025-07-26,D11,Depok - Dukuh Atas,False,1,35000,scheduled__2026-06-25T17:00:00+00:00,2026-06-26 17:00:12.792759
2025-07-26,F11,Fatmawati - GBK,True,1,2000,scheduled__2026-06-25T17:00:00+00:00,2026-06-26 17:00:12.792759
2025-07-26,F11,Fatmawati - GBK,False,1,3500,scheduled__2026-06-25T17:00:00+00:00,2026-06-26 17:00:12.792759
2025-07-26,K22,Kampung Melayu - Senen,False,1,20000,scheduled__2026-06-25T17:00:00+00:00,2026-06-26 17:00:12.792759
2025-07-26,K22,Kampung Melayu - Senen,True,4,93500,scheduled__2026-06-25T17:00:00+00:00,2026-06-26 17:00:12.792759
2025-07-26,L13,Lebak Bulus - Monas,False,1,20000,scheduled__2026-06-25T17:00:00+00:00,2026-06-26 17:00:12.792759
2025-07-26,L13,Lebak Bulus - Monas,True,2,70000,scheduled__2026-06-25T17:00:00+00:00,2026-06-26 17:00:12.792759
2025-07-27,1,Blok M - Kota,True,1,20000,scheduled__2026-06-25T17:00:00+00:00,2026-06-26 17:00:12.792759
2025-07-27,1,Blok M - Kota,False,1,0,scheduled__2026-06-25T17:00:00+00:00,2026-06-26 17:00:12.792759
2025-07-27,10,Tanjung Priok - PGC,False,1,35000,scheduled__2026-06-25T17:00:00+00:00,2026-06-26 17:00:12.792759
2025-07-27,10,Tanjung Priok - PGC,True,4,62000,scheduled__2026-06-25T17:00:00+00:00,2026-06-26 17:00:12.792759
2025-07-27,11,Pulo Gebang - Kampung Melayu,False,2,2000,scheduled__2026-06-25T17:00:00+00:00,2026-06-26 17:00:12.792759
2025-07-27,12,Tanjung Priok - Pluit,False,1,3500,scheduled__2026-06-25T17:00:00+00:00,2026-06-26 17:00:12.792759
2025-07-27,13,Puri Beta - Tegal Mampang,False,1,20000,scheduled__2026-06-25T17:00:00+00:00,2026-06-26 17:00:12.792759
2025-07-27,14,Jakarta International Stadium - Senen,False,2,55000,scheduled__2026-06-25T17:00:00+00:00,2026-06-26 17:00:12.792759
2025-07-27,2,Pulo Gadung - Monas,True,3,40500,scheduled__2026-06-25T17:00:00+00:00,2026-06-26 17:00:12.792759
2025-07-27,3,Kalideres - Monas,False,1,3500,scheduled__2026-06-25T17:00:00+00:00,2026-06-26 17:00:12.792759
2025-07-27,3,Kalideres - Monas,True,1,2000,scheduled__2026-06-25T17:00:00+00:00,2026-06-26 17:00:12.792759
2025-07-27,4,Pulo Gadung - Galunggung,True,1,20000,scheduled__2026-06-25T17:00:00+00:00,2026-06-26 17:00:12.792759
2025-07-27,4,Pulo Gadung - Galunggung,False,1,35000,scheduled__2026-06-25T17:00:00+00:00,2026-06-26 17:00:12.792759
2025-07-27,5,Kampung Melayu - Ancol,True,1,20000,scheduled__2026-06-25T17:00:00+00:00,2026-06-26 17:00:12.792759
2025-07-27,5,Kampung Melayu - Ancol,False,1,2000,scheduled__2026-06-25T17:00:00+00:00,2026-06-26 17:00:12.792759
2025-07-27,8,Lebak Bulus - Pasar Baru,False,1,20000,scheduled__2026-06-25T17:00:00+00:00,2026-06-26 17:00:12.792759
2025-07-27,8,Lebak Bulus - Pasar Baru,True,2,22000,scheduled__2026-06-25T17:00:00+00:00,2026-06-26 17:00:12.792759
2025-07-27,B21,Blok M - Bundaran Senayan,True,1,20000,scheduled__2026-06-25T17:00:00+00:00,2026-06-26 17:00:12.792759
2025-07-27,B21,Blok M - Bundaran Senayan,False,4,11000,scheduled__2026-06-25T17:00:00+00:00,2026-06-26 17:00:12.792759
2025-07-27,C12,Cawang - Harmoni,False,1,35000,scheduled__2026-06-25T17:00:00+00:00,2026-06-26 17:00:12.792759
2025-07-27,D11,Depok - Dukuh Atas,False,1,3500,scheduled__2026-06-25T17:00:00+00:00,2026-06-26 17:00:12.792759
2025-07-27,K22,Kampung Melayu - Senen,True,1,20000,scheduled__2026-06-25T17:00:00+00:00,2026-06-26 17:00:12.792759
2025-07-27,K22,Kampung Melayu - Senen,False,1,2000,scheduled__2026-06-25T17:00:00+00:00,2026-06-26 17:00:12.792759
2025-07-27,L13,Lebak Bulus - Monas,True,1,2000,scheduled__2026-06-25T17:00:00+00:00,2026-06-26 17:00:12.792759
2025-07-28,1,Blok M - Kota,True,4,73500,scheduled__2026-06-25T17:00:00+00:00,2026-06-26 17:00:12.792759
2025-07-28,10,Tanjung Priok - PGC,True,1,20000,scheduled__2026-06-25T17:00:00+00:00,2026-06-26 17:00:12.792759
2025-07-28,11,Pulo Gebang - Kampung Melayu,False,1,35000,scheduled__2026-06-25T17:00:00+00:00,2026-06-26 17:00:12.792759
2025-07-28,12,Tanjung Priok - Pluit,True,1,3500,scheduled__2026-06-25T17:00:00+00:00,2026-06-26 17:00:12.792759
2025-07-28,12,Tanjung Priok - Pluit,False,1,3500,scheduled__2026-06-25T17:00:00+00:00,2026-06-26 17:00:12.792759
2025-07-28,13,Puri Beta - Tegal Mampang,True,2,37000,scheduled__2026-06-25T17:00:00+00:00,2026-06-26 17:00:12.792759
2025-07-28,13,Puri Beta - Tegal Mampang,False,3,42000,scheduled__2026-06-25T17:00:00+00:00,2026-06-26 17:00:12.792759
2025-07-28,2,Pulo Gadung - Monas,False,3,73500,scheduled__2026-06-25T17:00:00+00:00,2026-06-26 17:00:12.792759
2025-07-28,3,Kalideres - Monas,True,2,38500,scheduled__2026-06-25T17:00:00+00:00,2026-06-26 17:00:12.792759
2025-07-28,3,Kalideres - Monas,False,3,42000,scheduled__2026-06-25T17:00:00+00:00,2026-06-26 17:00:12.792759
2025-07-28,4,Pulo Gadung - Galunggung,True,1,20000,scheduled__2026-06-25T17:00:00+00:00,2026-06-26 17:00:12.792759
2025-07-28,4,Pulo Gadung - Galunggung,False,1,20000,scheduled__2026-06-25T17:00:00+00:00,2026-06-26 17:00:12.792759
2025-07-28,6,Ragunan - Galunggung,False,2,35000,scheduled__2026-06-25T17:00:00+00:00,2026-06-26 17:00:12.792759
2025-07-28,7,Kampung Rambutan - Kampung Melayu,True,1,3500,scheduled__2026-06-25T17:00:00+00:00,2026-06-26 17:00:12.792759
2025-07-28,7,Kampung Rambutan - Kampung Melayu,False,4,42000,scheduled__2026-06-25T17:00:00+00:00,2026-06-26 17:00:12.792759
2025-07-28,8,Lebak Bulus - Pasar Baru,True,1,20000,scheduled__2026-06-25T17:00:00+00:00,2026-06-26 17:00:12.792759
2025-07-28,9,Pinang Ranti - Pluit,False,2,23500,scheduled__2026-06-25T17:00:00+00:00,2026-06-26 17:00:12.792759
2025-07-28,9,Pinang Ranti - Pluit,True,2,22000,scheduled__2026-06-25T17:00:00+00:00,2026-06-26 17:00:12.792759
2025-07-28,B21,Blok M - Bundaran Senayan,True,4,62000,scheduled__2026-06-25T17:00:00+00:00,2026-06-26 17:00:12.792759
2025-07-28,C12,Cawang - Harmoni,True,4,77000,scheduled__2026-06-25T17:00:00+00:00,2026-06-26 17:00:12.792759
2025-07-28,C12,Cawang - Harmoni,False,2,23500,scheduled__2026-06-25T17:00:00+00:00,2026-06-26 17:00:12.792759
2025-07-28,F11,Fatmawati - GBK,False,1,20000,scheduled__2026-06-25T17:00:00+00:00,2026-06-26 17:00:12.792759
2025-07-28,K22,Kampung Melayu - Senen,False,1,35000,scheduled__2026-06-25T17:00:00+00:00,2026-06-26 17:00:12.792759
2025-07-28,L13,Lebak Bulus - Monas,False,1,35000,scheduled__2026-06-25T17:00:00+00:00,2026-06-26 17:00:12.792759
2025-07-28,L13,Lebak Bulus - Monas,True,2,55000,scheduled__2026-06-25T17:00:00+00:00,2026-06-26 17:00:12.792759
2025-07-29,1,Blok M - Kota,True,1,3500,scheduled__2026-06-25T17:00:00+00:00,2026-06-26 17:00:12.792759
2025-07-29,1,Blok M - Kota,False,1,0,scheduled__2026-06-25T17:00:00+00:00,2026-06-26 17:00:12.792759
2025-07-29,10,Tanjung Priok - PGC,True,1,35000,scheduled__2026-06-25T17:00:00+00:00,2026-06-26 17:00:12.792759
2025-07-29,12,Tanjung Priok - Pluit,False,1,2000,scheduled__2026-06-25T17:00:00+00:00,2026-06-26 17:00:12.792759
2025-07-29,12,Tanjung Priok - Pluit,True,1,20000,scheduled__2026-06-25T17:00:00+00:00,2026-06-26 17:00:12.792759
2025-07-29,13,Puri Beta - Tegal Mampang,False,1,3500,scheduled__2026-06-25T17:00:00+00:00,2026-06-26 17:00:12.792759
2025-07-29,13,Puri Beta - Tegal Mampang,True,5,59000,scheduled__2026-06-25T17:00:00+00:00,2026-06-26 17:00:12.792759
2025-07-29,2,Pulo Gadung - Monas,False,2,22000,scheduled__2026-06-25T17:00:00+00:00,2026-06-26 17:00:12.792759
2025-07-29,2,Pulo Gadung - Monas,True,1,2000,scheduled__2026-06-25T17:00:00+00:00,2026-06-26 17:00:12.792759
2025-07-29,3,Kalideres - Monas,False,1,35000,scheduled__2026-06-25T17:00:00+00:00,2026-06-26 17:00:12.792759
2025-07-29,4,Pulo Gadung - Galunggung,True,1,20000,scheduled__2026-06-25T17:00:00+00:00,2026-06-26 17:00:12.792759
2025-07-29,4,Pulo Gadung - Galunggung,False,1,35000,scheduled__2026-06-25T17:00:00+00:00,2026-06-26 17:00:12.792759
2025-07-29,5,Kampung Melayu - Ancol,True,2,70000,scheduled__2026-06-25T17:00:00+00:00,2026-06-26 17:00:12.792759
2025-07-29,6,Ragunan - Galunggung,True,2,7000,scheduled__2026-06-25T17:00:00+00:00,2026-06-26 17:00:12.792759
2025-07-29,7,Kampung Rambutan - Kampung Melayu,True,1,0,scheduled__2026-06-25T17:00:00+00:00,2026-06-26 17:00:12.792759
2025-07-29,8,Lebak Bulus - Pasar Baru,True,2,3500,scheduled__2026-06-25T17:00:00+00:00,2026-06-26 17:00:12.792759
2025-07-29,8,Lebak Bulus - Pasar Baru,False,1,20000,scheduled__2026-06-25T17:00:00+00:00,2026-06-26 17:00:12.792759
2025-07-29,9,Pinang Ranti - Pluit,False,1,2000,scheduled__2026-06-25T17:00:00+00:00,2026-06-26 17:00:12.792759
2025-07-29,B21,Blok M - Bundaran Senayan,False,2,37000,scheduled__2026-06-25T17:00:00+00:00,2026-06-26 17:00:12.792759
2025-07-29,B21,Blok M - Bundaran Senayan,True,3,55000,scheduled__2026-06-25T17:00:00+00:00,2026-06-26 17:00:12.792759
2025-07-29,C12,Cawang - Harmoni,False,1,2000,scheduled__2026-06-25T17:00:00+00:00,2026-06-26 17:00:12.792759
2025-07-29,C12,Cawang - Harmoni,True,3,37000,scheduled__2026-06-25T17:00:00+00:00,2026-06-26 17:00:12.792759
2025-07-29,D11,Depok - Dukuh Atas,False,1,20000,scheduled__2026-06-25T17:00:00+00:00,2026-06-26 17:00:12.792759
2025-07-29,F11,Fatmawati - GBK,True,1,20000,scheduled__2026-06-25T17:00:00+00:00,2026-06-26 17:00:12.792759
2025-07-29,K22,Kampung Melayu - Senen,False,3,60000,scheduled__2026-06-25T17:00:00+00:00,2026-06-26 17:00:12.792759
2025-07-29,K22,Kampung Melayu - Senen,True,2,5500,scheduled__2026-06-25T17:00:00+00:00,2026-06-26 17:00:12.792759
2025-07-29,L13,Lebak Bulus - Monas,True,3,23500,scheduled__2026-06-25T17:00:00+00:00,2026-06-26 17:00:12.792759
2025-07-29,M14,Manggarai - Blok M,False,1,35000,scheduled__2026-06-25T17:00:00+00:00,2026-06-26 17:00:12.792759
2025-07-29,M14,Manggarai - Blok M,True,1,2000,scheduled__2026-06-25T17:00:00+00:00,2026-06-26 17:00:12.792759
2025-07-30,1,Blok M - Kota,True,1,3500,scheduled__2026-06-25T17:00:00+00:00,2026-06-26 17:00:12.792759
2025-07-30,10,Tanjung Priok - PGC,True,2,35000,scheduled__2026-06-25T17:00:00+00:00,2026-06-26 17:00:12.792759
2025-07-30,10,Tanjung Priok - PGC,False,2,70000,scheduled__2026-06-25T17:00:00+00:00,2026-06-26 17:00:12.792759
2025-07-30,11,Pulo Gebang - Kampung Melayu,True,1,20000,scheduled__2026-06-25T17:00:00+00:00,2026-06-26 17:00:12.792759
2025-07-30,11,Pulo Gebang - Kampung Melayu,False,1,3500,scheduled__2026-06-25T17:00:00+00:00,2026-06-26 17:00:12.792759
2025-07-30,12,Tanjung Priok - Pluit,False,2,40000,scheduled__2026-06-25T17:00:00+00:00,2026-06-26 17:00:12.792759
2025-07-30,13,Puri Beta - Tegal Mampang,False,3,58500,scheduled__2026-06-25T17:00:00+00:00,2026-06-26 17:00:12.792759
2025-07-30,13,Puri Beta - Tegal Mampang,True,1,2000,scheduled__2026-06-25T17:00:00+00:00,2026-06-26 17:00:12.792759
2025-07-30,14,Jakarta International Stadium - Senen,True,1,20000,scheduled__2026-06-25T17:00:00+00:00,2026-06-26 17:00:12.792759
2025-07-30,2,Pulo Gadung - Monas,True,1,0,scheduled__2026-06-25T17:00:00+00:00,2026-06-26 17:00:12.792759
2025-07-30,3,Kalideres - Monas,True,1,20000,scheduled__2026-06-25T17:00:00+00:00,2026-06-26 17:00:12.792759
2025-07-30,4,Pulo Gadung - Galunggung,False,3,4000,scheduled__2026-06-25T17:00:00+00:00,2026-06-26 17:00:12.792759
2025-07-30,4,Pulo Gadung - Galunggung,True,1,35000,scheduled__2026-06-25T17:00:00+00:00,2026-06-26 17:00:12.792759
2025-07-30,5,Kampung Melayu - Ancol,False,2,37000,scheduled__2026-06-25T17:00:00+00:00,2026-06-26 17:00:12.792759
2025-07-30,5,Kampung Melayu - Ancol,True,1,35000,scheduled__2026-06-25T17:00:00+00:00,2026-06-26 17:00:12.792759
2025-07-30,8,Lebak Bulus - Pasar Baru,False,3,42000,scheduled__2026-06-25T17:00:00+00:00,2026-06-26 17:00:12.792759
2025-07-30,9,Pinang Ranti - Pluit,False,4,42500,scheduled__2026-06-25T17:00:00+00:00,2026-06-26 17:00:12.792759
2025-07-30,9,Pinang Ranti - Pluit,True,2,7000,scheduled__2026-06-25T17:00:00+00:00,2026-06-26 17:00:12.792759
2025-07-30,B21,Blok M - Bundaran Senayan,True,1,20000,scheduled__2026-06-25T17:00:00+00:00,2026-06-26 17:00:12.792759
2025-07-30,B21,Blok M - Bundaran Senayan,False,1,0,scheduled__2026-06-25T17:00:00+00:00,2026-06-26 17:00:12.792759
2025-07-30,C12,Cawang - Harmoni,False,1,20000,scheduled__2026-06-25T17:00:00+00:00,2026-06-26 17:00:12.792759
2025-07-30,C12,Cawang - Harmoni,True,3,42000,scheduled__2026-06-25T17:00:00+00:00,2026-06-26 17:00:12.792759
2025-07-30,D11,Depok - Dukuh Atas,True,1,35000,scheduled__2026-06-25T17:00:00+00:00,2026-06-26 17:00:12.792759
2025-07-30,D11,Depok - Dukuh Atas,False,1,35000,scheduled__2026-06-25T17:00:00+00:00,2026-06-26 17:00:12.792759
2025-07-30,F11,Fatmawati - GBK,True,1,0,scheduled__2026-06-25T17:00:00+00:00,2026-06-26 17:00:12.792759
2025-07-30,F11,Fatmawati - GBK,False,1,20000,scheduled__2026-06-25T17:00:00+00:00,2026-06-26 17:00:12.792759
2025-07-30,K22,Kampung Melayu - Senen,False,1,2000,scheduled__2026-06-25T17:00:00+00:00,2026-06-26 17:00:12.792759
2025-07-30,L13,Lebak Bulus - Monas,True,4,41000,scheduled__2026-06-25T17:00:00+00:00,2026-06-26 17:00:12.792759
2025-07-30,L13,Lebak Bulus - Monas,False,3,58500,scheduled__2026-06-25T17:00:00+00:00,2026-06-26 17:00:12.792759
2025-07-30,M14,Manggarai - Blok M,False,1,35000,scheduled__2026-06-25T17:00:00+00:00,2026-06-26 17:00:12.792759
2025-07-31,1,Blok M - Kota,True,2,2000,scheduled__2026-06-25T17:00:00+00:00,2026-06-26 17:00:12.792759
2025-07-31,1,Blok M - Kota,False,1,20000,scheduled__2026-06-25T17:00:00+00:00,2026-06-26 17:00:12.792759
2025-07-31,10,Tanjung Priok - PGC,True,2,20000,scheduled__2026-06-25T17:00:00+00:00,2026-06-26 17:00:12.792759
2025-07-31,12,Tanjung Priok - Pluit,True,1,3500,scheduled__2026-06-25T17:00:00+00:00,2026-06-26 17:00:12.792759
2025-07-31,13,Puri Beta - Tegal Mampang,True,2,22000,scheduled__2026-06-25T17:00:00+00:00,2026-06-26 17:00:12.792759
2025-07-31,13,Puri Beta - Tegal Mampang,False,2,38500,scheduled__2026-06-25T17:00:00+00:00,2026-06-26 17:00:12.792759
2025-07-31,2,Pulo Gadung - Monas,False,1,0,scheduled__2026-06-25T17:00:00+00:00,2026-06-26 17:00:12.792759
2025-07-31,2,Pulo Gadung - Monas,True,1,20000,scheduled__2026-06-25T17:00:00+00:00,2026-06-26 17:00:12.792759
2025-07-31,4,Pulo Gadung - Galunggung,True,2,22000,scheduled__2026-06-25T17:00:00+00:00,2026-06-26 17:00:12.792759
2025-07-31,5,Kampung Melayu - Ancol,True,1,35000,scheduled__2026-06-25T17:00:00+00:00,2026-06-26 17:00:12.792759
2025-07-31,7,Kampung Rambutan - Kampung Melayu,False,1,35000,scheduled__2026-06-25T17:00:00+00:00,2026-06-26 17:00:12.792759
2025-07-31,8,Lebak Bulus - Pasar Baru,False,1,2000,scheduled__2026-06-25T17:00:00+00:00,2026-06-26 17:00:12.792759
2025-07-31,8,Lebak Bulus - Pasar Baru,True,2,55000,scheduled__2026-06-25T17:00:00+00:00,2026-06-26 17:00:12.792759
2025-07-31,9,Pinang Ranti - Pluit,False,1,3500,scheduled__2026-06-25T17:00:00+00:00,2026-06-26 17:00:12.792759
2025-07-31,B21,Blok M - Bundaran Senayan,False,1,3500,scheduled__2026-06-25T17:00:00+00:00,2026-06-26 17:00:12.792759
2025-07-31,C12,Cawang - Harmoni,False,2,37000,scheduled__2026-06-25T17:00:00+00:00,2026-06-26 17:00:12.792759
2025-07-31,C12,Cawang - Harmoni,True,2,2000,scheduled__2026-06-25T17:00:00+00:00,2026-06-26 17:00:12.792759
2025-07-31,D11,Depok - Dukuh Atas,True,1,3500,scheduled__2026-06-25T17:00:00+00:00,2026-06-26 17:00:12.792759
2025-07-31,F11,Fatmawati - GBK,True,2,37000,scheduled__2026-06-25T17:00:00+00:00,2026-06-26 17:00:12.792759
2025-07-31,F11,Fatmawati - GBK,False,1,20000,scheduled__2026-06-25T17:00:00+00:00,2026-06-26 17:00:12.792759
2025-07-31,K22,Kampung Melayu - Senen,False,3,5500,scheduled__2026-06-25T17:00:00+00:00,2026-06-26 17:00:12.792759
2025-07-31,K22,Kampung Melayu - Senen,True,1,0,scheduled__2026-06-25T17:00:00+00:00,2026-06-26 17:00:12.792759
2025-07-31,L13,Lebak Bulus - Monas,True,1,35000,scheduled__2026-06-25T17:00:00+00:00,2026-06-26 17:00:12.792759
2025-07-31,L13,Lebak Bulus - Monas,False,2,38500,scheduled__2026-06-25T17:00:00+00:00,2026-06-26 17:00:12.792759
2025-07-31,M14,Manggarai - Blok M,True,1,35000,scheduled__2026-06-25T17:00:00+00:00,2026-06-26 17:00:12.792759
2025-07-31,M14,Manggarai - Blok M,False,1,3500,scheduled__2026-06-25T17:00:00+00:00,2026-06-26 17:00:12.792759
